country,code,year,out_of_school_pct,num_conflicts,conflict_status
Albania,ALB,2010,6.39161,0.0,Stable
Albania,ALB,2011,4.81195,0.0,Stable
Albania,ALB,2012,3.54341,0.0,Stable
Albania,ALB,2013,3.15807,0.0,Stable
Albania,ALB,2014,0.38362,0.0,Stable
Albania,ALB,2015,0.20883,0.0,Stable
Albania,ALB,2016,0.15571,0.0,Stable
Albania,ALB,2017,0.76753,0.0,Stable
Albania,ALB,2018,1.36746,0.0,Stable
Albania,ALB,2019,2.19485,0.0,Stable
Albania,ALB,2020,3.96766,0.0,Stable
Albania,ALB,2021,6.66524,0.0,Stable
Albania,ALB,2022,8.47797,0.0,Stable
Albania,ALB,2023,10.86532,0.0,Stable
Algeria,DZA,2010,1.08397,1.0,Conflict
Algeria,DZA,2011,0.82781,2.0,Conflict
Algeria,DZA,2012,0.6631,1.0,Conflict
Algeria,DZA,2013,0.47515,3.0,Conflict
Algeria,DZA,2014,0.47969,1.0,Conflict
Algeria,DZA,2015,0.41203,2.0,Conflict
Algeria,DZA,2016,0.4717,1.0,Conflict
Algeria,DZA,2017,0.41676,4.0,Conflict
Algeria,DZA,2018,0.73004,1.0,Conflict
Algeria,DZA,2019,0.52627,0.0,Stable
Algeria,DZA,2020,0.24836,1.0,Conflict
Algeria,DZA,2021,0.87887,0.0,Stable
Algeria,DZA,2022,2.13045,0.0,Stable
Algeria,DZA,2023,0.93003,0.0,Stable
Algeria,DZA,2024,1.39539,0.0,Stable
Andorra,AND,2014,9.3556,0.0,Stable
Andorra,AND,2015,8.70213,0.0,Stable
Andorra,AND,2016,6.68667,0.0,Stable
Andorra,AND,2017,6.36902,0.0,Stable
Andorra,AND,2018,6.0193,0.0,Stable
Andorra,AND,2019,6.58307,0.0,Stable
Andorra,AND,2020,8.19292,0.0,Stable
Andorra,AND,2021,7.16157,0.0,Stable
Andorra,AND,2022,6.75348,0.0,Stable
Andorra,AND,2023,0.18091,0.0,Stable
Angola,AGO,2010,11.8253,0.0,Stable
Angola,AGO,2011,12.35489,0.0,Stable
Anguilla,AIA,2010,3.49071,,Stable
Anguilla,AIA,2011,4.16466,,Stable
Antigua and Barbuda,ATG,2010,3.28413,0.0,Stable
Antigua and Barbuda,ATG,2011,1.34688,0.0,Stable
Antigua and Barbuda,ATG,2012,0.45412,0.0,Stable
Antigua and Barbuda,ATG,2013,2.9225469,0.0,Stable
Antigua and Barbuda,ATG,2014,1.1608623,0.0,Stable
Antigua and Barbuda,ATG,2015,0.95145154,0.0,Stable
Antigua and Barbuda,ATG,2016,1.1967342,0.0,Stable
Antigua and Barbuda,ATG,2017,1.3687,0.0,Stable
Antigua and Barbuda,ATG,2018,0.91236466,0.0,Stable
Antigua and Barbuda,ATG,2019,0.23562162,0.0,Stable
Antigua and Barbuda,ATG,2023,1.7110126,0.0,Stable
Argentina,ARG,2010,0.05108,0.0,Stable
Argentina,ARG,2011,0.10462,0.0,Stable
Argentina,ARG,2012,0.13437,0.0,Stable
Argentina,ARG,2013,0.37153,0.0,Stable
Argentina,ARG,2014,0.77163,0.0,Stable
Argentina,ARG,2015,0.87222,0.0,Stable
Argentina,ARG,2016,0.5142,0.0,Stable
Argentina,ARG,2017,0.58173,0.0,Stable
Argentina,ARG,2018,0.64015,0.0,Stable
Argentina,ARG,2019,0.61999,0.0,Stable
Argentina,ARG,2020,0.83141,0.0,Stable
Argentina,ARG,2021,0.79405,0.0,Stable
Argentina,ARG,2022,0.74744,0.0,Stable
Armenia,ARM,2011,4.98234,0.0,Stable
Armenia,ARM,2012,5.3715,1.0,Conflict
Armenia,ARM,2013,5.93837,0.0,Stable
Armenia,ARM,2014,8.25212,0.0,Stable
Armenia,ARM,2015,7.02593,1.0,Conflict
Armenia,ARM,2016,7.42097,1.0,Conflict
Armenia,ARM,2017,7.14211,0.0,Stable
Armenia,ARM,2018,7.48835,0.0,Stable
Armenia,ARM,2019,8.40543,0.0,Stable
Armenia,ARM,2020,8.87415,1.0,Conflict
Armenia,ARM,2021,7.20161,1.0,Conflict
Armenia,ARM,2022,5.35997,1.0,Conflict
Armenia,ARM,2023,3.50922,1.0,Conflict
Aruba,ABW,2010,1.3618,,Stable
Aruba,ABW,2014,0.8041,,Stable
Australia,AUS,2010,0.3235,0.0,Stable
Australia,AUS,2011,2.70569,0.0,Stable
Australia,AUS,2012,2.30446,0.0,Stable
Australia,AUS,2013,0.04827,0.0,Stable
Australia,AUS,2014,0.07196,0.0,Stable
Australia,AUS,2015,0.02813,0.0,Stable
Australia,AUS,2016,0.00778,0.0,Stable
Australia,AUS,2017,0.05779,0.0,Stable
Australia,AUS,2018,0.19165,2.0,Conflict
Australia,AUS,2019,0.21404,0.0,Stable
Australia,AUS,2020,0.58085,0.0,Stable
Australia,AUS,2021,0.36781,0.0,Stable
Australia,AUS,2022,0.29641,0.0,Stable
Australia,AUS,2023,0.20745,0.0,Stable
Austria,AUT,2010,1.30096,0.0,Stable
Austria,AUT,2011,2.05923,0.0,Stable
Austria,AUT,2012,1.92673,0.0,Stable
Austria,AUT,2013,1.48,0.0,Stable
Austria,AUT,2014,1.29589,0.0,Stable
Austria,AUT,2015,1.34192,0.0,Stable
Austria,AUT,2016,1.99799,0.0,Stable
Austria,AUT,2017,1.33122,0.0,Stable
Austria,AUT,2018,1.25853,0.0,Stable
Austria,AUT,2019,1.23358,0.0,Stable
Austria,AUT,2020,1.17481,1.0,Conflict
Austria,AUT,2021,0.94779,0.0,Stable
Austria,AUT,2022,1.67592,0.0,Stable
Austria,AUT,2023,1.49949,0.0,Stable
Azerbaijan,AZE,2010,12.47442,0.0,Stable
Azerbaijan,AZE,2011,9.8982,0.0,Stable
Azerbaijan,AZE,2012,7.67552,1.0,Conflict
Azerbaijan,AZE,2013,1.72343,0.0,Stable
Azerbaijan,AZE,2014,0.74526,1.0,Conflict
Azerbaijan,AZE,2015,1.15667,1.0,Conflict
Azerbaijan,AZE,2016,0.79463,1.0,Conflict
Azerbaijan,AZE,2017,2.06897,1.0,Conflict
Azerbaijan,AZE,2018,3.89419,0.0,Stable
Azerbaijan,AZE,2019,8.45025,0.0,Stable
Azerbaijan,AZE,2020,8.1932,1.0,Conflict
Azerbaijan,AZE,2021,8.011,1.0,Conflict
Azerbaijan,AZE,2022,4.28869,1.0,Conflict
Azerbaijan,AZE,2023,1.53812,1.0,Conflict
Bahamas,BHS,2010,7.04892,0.0,Stable
Bahamas,BHS,2011,1.15223,0.0,Stable
Bahamas,BHS,2012,3.21469,0.0,Stable
Bahamas,BHS,2023,28.91781,0.0,Stable
Bahrain,BHR,2011,6.40639,1.0,Conflict
Bahrain,BHR,2012,0.52221,0.0,Stable
Bahrain,BHR,2013,0.41965,0.0,Stable
Bahrain,BHR,2014,0.54569,0.0,Stable
Bahrain,BHR,2015,1.58912,0.0,Stable
Bahrain,BHR,2016,1.68792,0.0,Stable
Bahrain,BHR,2017,1.80672,0.0,Stable
Bahrain,BHR,2018,2.82811,0.0,Stable
Bahrain,BHR,2019,3.01107,0.0,Stable
Bahrain,BHR,2022,3.19581,0.0,Stable
Bahrain,BHR,2023,6.71227,0.0,Stable
Bangladesh,BGD,2010,9.75357,0.0,Stable
Bangladesh,BGD,2017,3.2782767,3.0,Conflict
Bangladesh,BGD,2018,3.3579295,0.0,Stable
Bangladesh,BGD,2022,7.2862425,1.0,Conflict
Bangladesh,BGD,2023,6.8846154,0.0,Stable
Barbados,BRB,2010,1.7746,0.0,Stable
Barbados,BRB,2011,2.02029,0.0,Stable
Barbados,BRB,2014,5.29744,0.0,Stable
Barbados,BRB,2015,4.66326,0.0,Stable
Barbados,BRB,2016,3.94041,0.0,Stable
Barbados,BRB,2017,6.80987,0.0,Stable
Barbados,BRB,2018,6.44362,0.0,Stable
Barbados,BRB,2019,6.34883,0.0,Stable
Barbados,BRB,2020,7.67228,0.0,Stable
Barbados,BRB,2021,9.6939,0.0,Stable
Barbados,BRB,2022,12.08819,0.0,Stable
Barbados,BRB,2023,14.48297,0.0,Stable
Belarus,BLR,2010,0.6185,0.0,Stable
Belarus,BLR,2011,0.59898,0.0,Stable
Belarus,BLR,2012,0.63739,0.0,Stable
Belarus,BLR,2013,0.53051,0.0,Stable
Belarus,BLR,2014,1.54319,0.0,Stable
Belarus,BLR,2015,2.18036,0.0,Stable
Belarus,BLR,2016,2.15308,0.0,Stable
Belarus,BLR,2017,2.75349,0.0,Stable
Belarus,BLR,2018,3.53589,0.0,Stable
Belarus,BLR,2019,4.56071,0.0,Stable
Belarus,BLR,2020,5.06251,0.0,Stable
Belarus,BLR,2021,5.05565,0.0,Stable
Belarus,BLR,2022,5.30305,0.0,Stable
Belarus,BLR,2023,3.66554,0.0,Stable
Belgium,BEL,2010,1.29542,0.0,Stable
Belgium,BEL,2011,2.10104,0.0,Stable
Belgium,BEL,2012,1.87756,0.0,Stable
Belgium,BEL,2013,1.80782,0.0,Stable
Belgium,BEL,2014,1.83107,0.0,Stable
Belgium,BEL,2015,1.85124,0.0,Stable
Belgium,BEL,2016,1.91904,2.0,Conflict
Belgium,BEL,2017,1.38223,0.0,Stable
Belgium,BEL,2018,1.33836,2.0,Conflict
Belgium,BEL,2019,1.34749,0.0,Stable
Belgium,BEL,2020,1.22927,0.0,Stable
Belgium,BEL,2021,1.47403,0.0,Stable
Belgium,BEL,2022,1.22425,0.0,Stable
Belize,BLZ,2010,1.41371,0.0,Stable
Belize,BLZ,2011,1.46239,0.0,Stable
Belize,BLZ,2012,0.54483,0.0,Stable
Belize,BLZ,2013,0.07076,0.0,Stable
Belize,BLZ,2014,0.54344,0.0,Stable
Belize,BLZ,2015,0.39011,0.0,Stable
Belize,BLZ,2016,0.51867,0.0,Stable
Belize,BLZ,2017,0.25855,0.0,Stable
Belize,BLZ,2018,0.44111,0.0,Stable
Belize,BLZ,2019,0.95286,0.0,Stable
Belize,BLZ,2020,0.57674,0.0,Stable
Belize,BLZ,2021,4.09059,0.0,Stable
Belize,BLZ,2022,8.09313,0.0,Stable
Belize,BLZ,2023,11.63558,0.0,Stable
Benin,BEN,2010,7.90986,0.0,Stable
Benin,BEN,2011,6.93919,0.0,Stable
Benin,BEN,2012,4.10902,0.0,Stable
Benin,BEN,2013,3.84316,0.0,Stable
Benin,BEN,2014,3.48218,0.0,Stable
Benin,BEN,2016,3.03196,0.0,Stable
Benin,BEN,2017,7.11569,0.0,Stable
Benin,BEN,2018,9.978,0.0,Stable
Benin,BEN,2019,14.41529,1.0,Conflict
Benin,BEN,2020,14.99215,0.0,Stable
Benin,BEN,2021,12.13472,0.0,Stable
Benin,BEN,2022,9.61021,1.0,Conflict
Bermuda,BMU,2011,3.83886,,Stable
Bermuda,BMU,2012,3.41018,,Stable
Bhutan,BTN,2010,9.42728,0.0,Stable
Bhutan,BTN,2011,8.88959,0.0,Stable
Bhutan,BTN,2012,7.61062,0.0,Stable
Bhutan,BTN,2013,9.13839,0.0,Stable
Bhutan,BTN,2015,10.84668,0.0,Stable
Bhutan,BTN,2016,11.45706,0.0,Stable
Bhutan,BTN,2017,11.7077,0.0,Stable
Bhutan,BTN,2018,9.42406,0.0,Stable
Bhutan,BTN,2020,5.46226,0.0,Stable
Bhutan,BTN,2021,16.103027,0.0,Stable
Bhutan,BTN,2022,10.041429,0.0,Stable
Bhutan,BTN,2024,10.497915,0.0,Stable
Bolivia,BOL,2010,4.26254,0.0,Stable
Bolivia,BOL,2011,6.774,0.0,Stable
Bolivia,BOL,2012,9.79275,0.0,Stable
Bolivia,BOL,2013,10.61396,0.0,Stable
Bolivia,BOL,2014,11.1278,0.0,Stable
Bolivia,BOL,2015,11.11029,0.0,Stable
Bolivia,BOL,2016,10.35219,0.0,Stable
Bolivia,BOL,2017,8.87408,0.0,Stable
Bolivia,BOL,2018,7.20014,0.0,Stable
Bolivia,BOL,2019,5.98523,0.0,Stable
Bolivia,BOL,2020,5.04559,1.0,Conflict
Bolivia,BOL,2021,4.16318,1.0,Conflict
Bolivia,BOL,2022,3.38125,1.0,Conflict
Bolivia,BOL,2023,4.15748,1.0,Conflict
Bosnia and Herzegovina,BIH,2010,10.48617,0.0,Stable
Bosnia and Herzegovina,BIH,2011,10.31005,0.0,Stable
Bosnia and Herzegovina,BIH,2012,11.55139,0.0,Stable
Bosnia and Herzegovina,BIH,2013,11.16164,0.0,Stable
Bosnia and Herzegovina,BIH,2014,9.87746,0.0,Stable
Bosnia and Herzegovina,BIH,2015,7.9254,0.0,Stable
Bosnia and Herzegovina,BIH,2016,4.86941,0.0,Stable
Bosnia and Herzegovina,BIH,2017,1.96873,0.0,Stable
Bosnia and Herzegovina,BIH,2018,0.70386,0.0,Stable
Bosnia and Herzegovina,BIH,2020,1.84161,0.0,Stable
Bosnia and Herzegovina,BIH,2021,1.55017,0.0,Stable
Bosnia and Herzegovina,BIH,2022,1.49646,0.0,Stable
Bosnia and Herzegovina,BIH,2023,2.09729,0.0,Stable
Botswana,BWA,2012,9.077708,0.0,Stable
Botswana,BWA,2013,10.739824,0.0,Stable
Botswana,BWA,2014,11.93529,0.0,Stable
Botswana,BWA,2015,12.897766,0.0,Stable
Botswana,BWA,2017,10.319307,0.0,Stable
Brazil,BRA,2012,5.82013,1.0,Conflict
Brazil,BRA,2013,3.94973,0.0,Stable
Brazil,BRA,2014,3.98233,0.0,Stable
Brazil,BRA,2015,4.41244,2.0,Conflict
Brazil,BRA,2016,4.25657,3.0,Conflict
Brazil,BRA,2017,4.22335,5.0,Conflict
Brazil,BRA,2018,4.8282,3.0,Conflict
Brazil,BRA,2019,4.19333,7.0,Conflict
Brazil,BRA,2020,4.52072,5.0,Conflict
Brazil,BRA,2021,5.22956,14.0,Conflict
Brazil,BRA,2022,3.98446,18.0,Conflict
British Virgin Islands,VGB,2010,0.61984,,Stable
British Virgin Islands,VGB,2011,0.7479,,Stable
British Virgin Islands,VGB,2012,4.40835,,Stable
British Virgin Islands,VGB,2013,7.06781,,Stable
British Virgin Islands,VGB,2014,6.74023,,Stable
British Virgin Islands,VGB,2015,9.7302,,Stable
British Virgin Islands,VGB,2016,11.98221,,Stable
British Virgin Islands,VGB,2017,6.51847,,Stable
British Virgin Islands,VGB,2018,24.86016,,Stable
British Virgin Islands,VGB,2019,19.34284,,Stable
British Virgin Islands,VGB,2020,4.3826,,Stable
British Virgin Islands,VGB,2021,8.95673,,Stable
British Virgin Islands,VGB,2022,26.21326,,Stable
British Virgin Islands,VGB,2024,12.46829,,Stable
Brunei,BRN,2012,1.5423702,0.0,Stable
Brunei,BRN,2013,2.1377552,0.0,Stable
Brunei,BRN,2014,1.2111405,0.0,Stable
Brunei,BRN,2015,0.7615544,0.0,Stable
Brunei,BRN,2016,1.6383252,0.0,Stable
Brunei,BRN,2017,1.5773957,0.0,Stable
Brunei,BRN,2018,1.6264209,0.0,Stable
Brunei,BRN,2019,1.5065513,0.0,Stable
Brunei,BRN,2020,1.0948641,0.0,Stable
Brunei,BRN,2021,1.7980443,0.0,Stable
Brunei,BRN,2022,0.9421166,0.0,Stable
Brunei,BRN,2023,0.5847681,0.0,Stable
Bulgaria,BGR,2010,0.84559,0.0,Stable
Bulgaria,BGR,2011,1.4826,0.0,Stable
Bulgaria,BGR,2012,2.50697,0.0,Stable
Bulgaria,BGR,2013,3.69968,0.0,Stable
Bulgaria,BGR,2014,3.25387,0.0,Stable
Bulgaria,BGR,2015,2.98828,0.0,Stable
Bulgaria,BGR,2016,3.36122,0.0,Stable
Bulgaria,BGR,2017,3.53476,0.0,Stable
Bulgaria,BGR,2018,4.03475,0.0,Stable
Bulgaria,BGR,2019,4.18114,0.0,Stable
Bulgaria,BGR,2020,4.21194,0.0,Stable
Bulgaria,BGR,2021,5.04082,0.0,Stable
Bulgaria,BGR,2022,5.29598,0.0,Stable
Bulgaria,BGR,2023,5.71411,0.0,Stable
Burkina Faso,BFA,2010,40.96923,0.0,Stable
Burkina Faso,BFA,2011,36.48105,0.0,Stable
Burkina Faso,BFA,2012,35.58443,0.0,Stable
Burkina Faso,BFA,2013,34.74175,0.0,Stable
Burkina Faso,BFA,2014,33.75947,0.0,Stable
Burkina Faso,BFA,2015,32.49785,0.0,Stable
Burkina Faso,BFA,2016,27.23103,1.0,Conflict
Burkina Faso,BFA,2017,26.40006,2.0,Conflict
Burkina Faso,BFA,2018,24.44695,4.0,Conflict
Burkina Faso,BFA,2019,25.79997,7.0,Conflict
Burkina Faso,BFA,2020,28.52173,7.0,Conflict
Burkina Faso,BFA,2021,29.05799,6.0,Conflict
Burkina Faso,BFA,2022,32.248,6.0,Conflict
Burkina Faso,BFA,2023,41.96683,7.0,Conflict
Burundi,BDI,2010,5.8362,0.0,Stable
Burundi,BDI,2011,5.26817,0.0,Stable
Burundi,BDI,2012,6.45815,0.0,Stable
Burundi,BDI,2014,8.92744,1.0,Conflict
Burundi,BDI,2015,11.09726,2.0,Conflict
Burundi,BDI,2016,12.66872,1.0,Conflict
Burundi,BDI,2017,16.92227,1.0,Conflict
Burundi,BDI,2018,19.62421,2.0,Conflict
Burundi,BDI,2019,21.13976,2.0,Conflict
Burundi,BDI,2020,20.62215,2.0,Conflict
Cambodia,KHM,2010,6.74343,0.0,Stable
Cambodia,KHM,2011,1.36067,1.0,Conflict
Cambodia,KHM,2012,2.57426,0.0,Stable
Cambodia,KHM,2014,8.72258,0.0,Stable
Cambodia,KHM,2015,8.29054,0.0,Stable
Cambodia,KHM,2016,10.08836,0.0,Stable
Cambodia,KHM,2017,11.43492,0.0,Stable
Cambodia,KHM,2018,10.92481,0.0,Stable
Cambodia,KHM,2019,9.30488,0.0,Stable
Cambodia,KHM,2020,9.43386,0.0,Stable
Cambodia,KHM,2021,11.047846,0.0,Stable
Cambodia,KHM,2022,15.73971,0.0,Stable
Cambodia,KHM,2023,7.7866273,0.0,Stable
Cameroon,CMR,2011,8.54382,0.0,Stable
Cameroon,CMR,2012,5.80924,0.0,Stable
Cameroon,CMR,2014,5.16914,2.0,Conflict
Cameroon,CMR,2015,4.77418,5.0,Conflict
Cameroon,CMR,2016,4.62752,4.0,Conflict
Cameroon,CMR,2017,5.76881,5.0,Conflict
Cameroon,CMR,2019,7.45523,5.0,Conflict
Cameroon,CMR,2020,4.5299406,6.0,Conflict
Cameroon,CMR,2021,4.41607,6.0,Conflict
Cameroon,CMR,2022,3.93331,6.0,Conflict
Cameroon,CMR,2023,3.70906,7.0,Conflict
Canada,CAN,2012,0.50916,0.0,Stable
Canada,CAN,2013,0.61336,0.0,Stable
Canada,CAN,2014,0.47471,0.0,Stable
Canada,CAN,2015,0.29334,0.0,Stable
Canada,CAN,2016,1.44996,0.0,Stable
Canada,CAN,2017,1.36776,0.0,Stable
Canada,CAN,2018,1.33824,0.0,Stable
Canada,CAN,2019,2.81245,0.0,Stable
Canada,CAN,2020,3.09103,0.0,Stable
Canada,CAN,2021,4.77038,0.0,Stable
Canada,CAN,2022,5.25502,0.0,Stable
Cape Verde,CPV,2010,8.27373,0.0,Stable
Cape Verde,CPV,2011,7.84997,0.0,Stable
Cape Verde,CPV,2012,5.77353,0.0,Stable
Cape Verde,CPV,2013,5.42656,0.0,Stable
Cape Verde,CPV,2014,5.11968,0.0,Stable
Cape Verde,CPV,2015,4.8639,0.0,Stable
Cape Verde,CPV,2016,5.21048,0.0,Stable
Cape Verde,CPV,2017,5.05447,0.0,Stable
Cape Verde,CPV,2018,3.67939,0.0,Stable
Cape Verde,CPV,2019,3.77162,0.0,Stable
Cape Verde,CPV,2020,5.32446,0.0,Stable
Cape Verde,CPV,2021,4.74332,0.0,Stable
Cayman Islands,CYM,2011,1.61669,,Stable
Cayman Islands,CYM,2012,1.56973,,Stable
Cayman Islands,CYM,2013,2.19835,,Stable
Cayman Islands,CYM,2014,1.3404247,,Stable
Cayman Islands,CYM,2015,3.424433,,Stable
Cayman Islands,CYM,2016,2.7808926,,Stable
Cayman Islands,CYM,2017,5.5385957,,Stable
Cayman Islands,CYM,2018,5.86849,,Stable
Cayman Islands,CYM,2019,7.34415,,Stable
Cayman Islands,CYM,2020,4.22141,,Stable
Cayman Islands,CYM,2021,5.83845,,Stable
Cayman Islands,CYM,2022,1.74701,,Stable
Cayman Islands,CYM,2023,0.1336,,Stable
Central African Republic,CAF,2010,38.07497,3.0,Conflict
Central African Republic,CAF,2011,40.45701,4.0,Conflict
Central African Republic,CAF,2012,37.89485,3.0,Conflict
Central and Southern Asia (SDG),,2010,17.0,,Stable
Central and Southern Asia (SDG),,2011,17.0,,Stable
Central and Southern Asia (SDG),,2012,16.0,,Stable
Central and Southern Asia (SDG),,2013,15.000001,,Stable
Central and Southern Asia (SDG),,2014,14.0,,Stable
Central and Southern Asia (SDG),,2015,13.0,,Stable
Central and Southern Asia (SDG),,2016,13.0,,Stable
Central and Southern Asia (SDG),,2017,12.0,,Stable
Central and Southern Asia (SDG),,2018,11.0,,Stable
Central and Southern Asia (SDG),,2019,10.0,,Stable
Central and Southern Asia (SDG),,2020,9.0,,Stable
Central and Southern Asia (SDG),,2021,9.0,,Stable
Central and Southern Asia (SDG),,2022,9.0,,Stable
Central and Southern Asia (SDG),,2023,8.0,,Stable
Chad,TCD,2011,38.56332,1.0,Conflict
Chad,TCD,2013,23.89468,0.0,Stable
Chad,TCD,2015,23.82176,4.0,Conflict
Chad,TCD,2016,30.11487,1.0,Conflict
Chad,TCD,2017,35.80697,3.0,Conflict
Chad,TCD,2018,30.18324,3.0,Conflict
Chad,TCD,2019,31.05933,4.0,Conflict
Chad,TCD,2021,28.56069,4.0,Conflict
Chad,TCD,2022,28.39224,2.0,Conflict
Chad,TCD,2023,26.71733,3.0,Conflict
Chile,CHL,2010,3.32802,0.0,Stable
Chile,CHL,2011,3.58456,0.0,Stable
Chile,CHL,2012,3.39425,0.0,Stable
Chile,CHL,2013,3.35414,0.0,Stable
Chile,CHL,2014,2.95795,0.0,Stable
Chile,CHL,2015,2.72321,0.0,Stable
Chile,CHL,2016,2.48051,0.0,Stable
Chile,CHL,2017,2.30256,0.0,Stable
Chile,CHL,2018,1.90334,0.0,Stable
Chile,CHL,2019,1.6068,0.0,Stable
Chile,CHL,2020,2.27495,0.0,Stable
Chile,CHL,2021,2.1667,0.0,Stable
Chile,CHL,2022,1.29288,0.0,Stable
Chile,CHL,2023,1.32959,0.0,Stable
Colombia,COL,2010,0.2698,1.0,Conflict
Colombia,COL,2011,0.10718,1.0,Conflict
Colombia,COL,2012,1.70736,1.0,Conflict
Colombia,COL,2015,3.39695,1.0,Conflict
Colombia,COL,2016,5.22433,1.0,Conflict
Colombia,COL,2017,4.07456,2.0,Conflict
Colombia,COL,2018,4.69547,4.0,Conflict
Colombia,COL,2019,5.02229,1.0,Conflict
Colombia,COL,2020,6.11108,3.0,Conflict
Colombia,COL,2021,6.98671,5.0,Conflict
Colombia,COL,2022,7.32453,7.0,Conflict
Comoros,COM,2013,5.053759,0.0,Stable
Comoros,COM,2014,6.2808995,0.0,Stable
Comoros,COM,2017,8.867852,0.0,Stable
Comoros,COM,2018,11.940196,0.0,Stable
Comoros,COM,2021,25.543415,0.0,Stable
Comoros,COM,2023,20.35576,0.0,Stable
Congo,COG,2010,13.86289,0.0,Stable
Congo,COG,2012,11.64848,0.0,Stable
Congo,COG,2018,21.24259,1.0,Conflict
Congo,COG,2023,17.07708,1.0,Conflict
Cook Islands,COK,2010,0.8974775,,Stable
Cook Islands,COK,2011,0.57359,,Stable
Cook Islands,COK,2012,0.85166,,Stable
Cook Islands,COK,2013,3.03197,,Stable
Cook Islands,COK,2014,1.98785,,Stable
Cook Islands,COK,2015,1.55642,,Stable
Cook Islands,COK,2016,0.06176132,,Stable
Cook Islands,COK,2017,1.2754246,,Stable
Costa Rica,CRI,2011,3.03267,0.0,Stable
Costa Rica,CRI,2012,4.69505,0.0,Stable
Costa Rica,CRI,2013,6.59241,0.0,Stable
Costa Rica,CRI,2014,9.1277,0.0,Stable
Costa Rica,CRI,2015,8.53184,0.0,Stable
Costa Rica,CRI,2016,7.76833,0.0,Stable
Costa Rica,CRI,2017,9.89873,0.0,Stable
Costa Rica,CRI,2018,6.5464,0.0,Stable
Costa Rica,CRI,2019,4.72063,0.0,Stable
Costa Rica,CRI,2020,5.30105,0.0,Stable
Costa Rica,CRI,2021,6.11681,0.0,Stable
Costa Rica,CRI,2022,5.98677,0.0,Stable
Costa Rica,CRI,2023,4.72765,0.0,Stable
Cote d'Ivoire,CIV,2013,34.24644,0.0,Stable
Cote d'Ivoire,CIV,2014,29.55997,0.0,Stable
Cote d'Ivoire,CIV,2015,27.83155,0.0,Stable
Cote d'Ivoire,CIV,2016,20.16865,2.0,Conflict
Cote d'Ivoire,CIV,2017,20.39959,0.0,Stable
Cote d'Ivoire,CIV,2018,17.07574,0.0,Stable
Cote d'Ivoire,CIV,2019,16.20861,0.0,Stable
Cote d'Ivoire,CIV,2020,14.9828,0.0,Stable
Cote d'Ivoire,CIV,2021,17.09395,0.0,Stable
Cote d'Ivoire,CIV,2022,17.58216,0.0,Stable
Cote d'Ivoire,CIV,2023,13.15923,0.0,Stable
Croatia,HRV,2010,0.9916,0.0,Stable
Croatia,HRV,2011,1.04422,0.0,Stable
Croatia,HRV,2012,1.04626,0.0,Stable
Croatia,HRV,2013,1.26023,0.0,Stable
Croatia,HRV,2014,1.43523,0.0,Stable
Croatia,HRV,2015,1.44625,0.0,Stable
Croatia,HRV,2016,1.73606,0.0,Stable
Croatia,HRV,2017,1.46489,0.0,Stable
Croatia,HRV,2018,1.56896,0.0,Stable
Croatia,HRV,2019,1.95966,0.0,Stable
Croatia,HRV,2020,1.84271,0.0,Stable
Croatia,HRV,2021,1.78707,0.0,Stable
Croatia,HRV,2022,1.73281,0.0,Stable
Cuba,CUB,2010,1.56056,0.0,Stable
Cuba,CUB,2011,2.36241,0.0,Stable
Cuba,CUB,2012,2.00191,0.0,Stable
Cuba,CUB,2013,0.70852,0.0,Stable
Cuba,CUB,2014,2.06338,0.0,Stable
Cuba,CUB,2015,2.41152,0.0,Stable
Cuba,CUB,2016,2.26921,0.0,Stable
Cuba,CUB,2017,2.4308,0.0,Stable
Cuba,CUB,2018,2.2025,0.0,Stable
Cuba,CUB,2019,1.87496,0.0,Stable
Cuba,CUB,2020,1.31837,0.0,Stable
Cuba,CUB,2021,1.27272,0.0,Stable
Cuba,CUB,2022,3.38217,0.0,Stable
Cuba,CUB,2023,3.43291,0.0,Stable
Curacao,CUW,2020,0.41494,,Stable
Curacao,CUW,2023,3.41705,,Stable
Cyprus,CYP,2010,0.03455,0.0,Stable
Cyprus,CYP,2011,0.15324,0.0,Stable
Cyprus,CYP,2012,1.31052,0.0,Stable
Cyprus,CYP,2013,1.79527,0.0,Stable
Cyprus,CYP,2014,2.27124,0.0,Stable
Cyprus,CYP,2015,1.39976,0.0,Stable
Cyprus,CYP,2016,1.73635,0.0,Stable
Cyprus,CYP,2017,1.3404,0.0,Stable
Cyprus,CYP,2018,0.57522,0.0,Stable
Cyprus,CYP,2019,0.50737,0.0,Stable
Cyprus,CYP,2020,0.4106,0.0,Stable
Cyprus,CYP,2021,0.06561,0.0,Stable
Cyprus,CYP,2022,0.83997,0.0,Stable
Czechia,CZE,2010,1.02986,0.0,Stable
Czechia,CZE,2011,1.3627,0.0,Stable
Czechia,CZE,2012,0.44121,0.0,Stable
Czechia,CZE,2013,0.97469,0.0,Stable
Czechia,CZE,2014,1.67104,0.0,Stable
Czechia,CZE,2015,2.11766,0.0,Stable
Czechia,CZE,2016,2.50769,0.0,Stable
Czechia,CZE,2017,2.90678,0.0,Stable
Czechia,CZE,2018,2.07468,0.0,Stable
Czechia,CZE,2019,1.86358,0.0,Stable
Czechia,CZE,2020,1.52471,0.0,Stable
Czechia,CZE,2021,0.09713,0.0,Stable
Czechia,CZE,2022,0.08569,0.0,Stable
Denmark,DNK,2010,0.60877,0.0,Stable
Denmark,DNK,2011,0.48535,0.0,Stable
Denmark,DNK,2012,0.41492,0.0,Stable
Denmark,DNK,2013,0.49531,0.0,Stable
Denmark,DNK,2014,0.61682,0.0,Stable
Denmark,DNK,2015,0.62527,0.0,Stable
Denmark,DNK,2016,0.67677,0.0,Stable
Denmark,DNK,2017,0.56177,0.0,Stable
Denmark,DNK,2018,0.38117,0.0,Stable
Denmark,DNK,2019,0.40362,0.0,Stable
Denmark,DNK,2020,0.35519,0.0,Stable
Denmark,DNK,2021,0.46952,0.0,Stable
Denmark,DNK,2022,0.5865,0.0,Stable
Denmark,DNK,2023,0.84918,0.0,Stable
Dominica,DMA,2011,1.62335,0.0,Stable
Dominica,DMA,2012,1.86826,0.0,Stable
Dominica,DMA,2013,3.39824,0.0,Stable
Dominica,DMA,2014,2.86444,0.0,Stable
Dominica,DMA,2015,1.80376,0.0,Stable
Dominica,DMA,2016,4.0117,0.0,Stable
Dominica,DMA,2019,6.41575,0.0,Stable
Dominica,DMA,2020,3.77389,0.0,Stable
Dominica,DMA,2021,4.09607,0.0,Stable
Dominica,DMA,2022,3.35299,0.0,Stable
Dominica,DMA,2023,3.95189,0.0,Stable
Dominican Republic,DOM,2010,4.55734,0.0,Stable
Dominican Republic,DOM,2011,4.40542,0.0,Stable
Dominican Republic,DOM,2012,5.48254,0.0,Stable
Dominican Republic,DOM,2013,5.81694,0.0,Stable
Dominican Republic,DOM,2014,7.52207,0.0,Stable
Dominican Republic,DOM,2015,3.94357,0.0,Stable
Dominican Republic,DOM,2016,4.22799,0.0,Stable
Dominican Republic,DOM,2017,5.12026,0.0,Stable
Dominican Republic,DOM,2018,5.53057,0.0,Stable
Dominican Republic,DOM,2019,3.86339,0.0,Stable
Dominican Republic,DOM,2020,3.92494,0.0,Stable
Dominican Republic,DOM,2021,10.34501,0.0,Stable
Dominican Republic,DOM,2022,7.54626,0.0,Stable
Dominican Republic,DOM,2023,6.51641,0.0,Stable
East Timor,TLS,2010,5.932161,0.0,Stable
East Timor,TLS,2011,4.035324,0.0,Stable
East Timor,TLS,2012,6.469802,0.0,Stable
East Timor,TLS,2013,6.469079,0.0,Stable
East Timor,TLS,2014,6.7759285,0.0,Stable
East Timor,TLS,2015,6.6617436,0.0,Stable
East Timor,TLS,2016,7.2263618,0.0,Stable
East Timor,TLS,2017,4.8504767,0.0,Stable
East Timor,TLS,2018,5.591468,0.0,Stable
East Timor,TLS,2019,5.700428,0.0,Stable
East Timor,TLS,2020,5.156709,0.0,Stable
Eastern and South-Eastern Asia (SDG),,2010,3.0,,Stable
Eastern and South-Eastern Asia (SDG),,2011,3.0,,Stable
Eastern and South-Eastern Asia (SDG),,2012,3.0,,Stable
Eastern and South-Eastern Asia (SDG),,2013,3.0,,Stable
Eastern and South-Eastern Asia (SDG),,2014,3.0,,Stable
Eastern and South-Eastern Asia (SDG),,2015,3.0,,Stable
Eastern and South-Eastern Asia (SDG),,2016,3.0,,Stable
Eastern and South-Eastern Asia (SDG),,2017,4.0,,Stable
Eastern and South-Eastern Asia (SDG),,2018,4.0,,Stable
Eastern and South-Eastern Asia (SDG),,2019,4.0,,Stable
Eastern and South-Eastern Asia (SDG),,2020,4.0,,Stable
Eastern and South-Eastern Asia (SDG),,2021,4.0,,Stable
Eastern and South-Eastern Asia (SDG),,2022,4.0,,Stable
Eastern and South-Eastern Asia (SDG),,2023,5.0,,Stable
Ecuador,ECU,2010,0.51766,1.0,Conflict
Ecuador,ECU,2011,0.71139,0.0,Stable
Ecuador,ECU,2012,1.873,0.0,Stable
Ecuador,ECU,2013,1.97254,0.0,Stable
Ecuador,ECU,2014,1.13512,0.0,Stable
Ecuador,ECU,2015,2.63607,0.0,Stable
Ecuador,ECU,2016,2.71478,0.0,Stable
Ecuador,ECU,2017,2.46214,0.0,Stable
Ecuador,ECU,2018,1.49971,0.0,Stable
Ecuador,ECU,2019,1.63183,1.0,Conflict
Ecuador,ECU,2020,1.51346,0.0,Stable
Ecuador,ECU,2021,1.61532,2.0,Conflict
Ecuador,ECU,2022,1.67635,3.0,Conflict
Ecuador,ECU,2023,4.71519,8.0,Conflict
Egypt,EGY,2010,13.07276,0.0,Stable
Egypt,EGY,2011,15.21715,1.0,Conflict
Egypt,EGY,2012,13.11459,1.0,Conflict
Egypt,EGY,2014,13.37777,2.0,Conflict
Egypt,EGY,2016,10.62942,2.0,Conflict
Egypt,EGY,2017,9.51617,3.0,Conflict
Egypt,EGY,2018,8.10564,3.0,Conflict
Egypt,EGY,2019,6.10136,3.0,Conflict
Egypt,EGY,2020,4.48382,2.0,Conflict
Egypt,EGY,2021,3.1994,2.0,Conflict
Egypt,EGY,2023,4.41291,0.0,Stable
El Salvador,SLV,2014,6.36919,0.0,Stable
El Salvador,SLV,2015,7.3031,0.0,Stable
El Salvador,SLV,2016,8.21458,0.0,Stable
El Salvador,SLV,2017,12.30895,0.0,Stable
El Salvador,SLV,2018,11.60739,0.0,Stable
El Salvador,SLV,2019,14.24263,0.0,Stable
El Salvador,SLV,2020,14.77696,0.0,Stable
El Salvador,SLV,2021,15.68537,0.0,Stable
El Salvador,SLV,2022,15.61072,1.0,Conflict
El Salvador,SLV,2023,14.32102,0.0,Stable
Equatorial Guinea,GNQ,2010,63.60259,0.0,Stable
Equatorial Guinea,GNQ,2011,62.91281,0.0,Stable
Equatorial Guinea,GNQ,2012,62.31983,0.0,Stable
Equatorial Guinea,GNQ,2015,65.59652,0.0,Stable
Eritrea,ERI,2010,42.32469,0.0,Stable
Eritrea,ERI,2011,37.2898,0.0,Stable
Eritrea,ERI,2012,33.39136,0.0,Stable
Eritrea,ERI,2013,33.41212,0.0,Stable
Eritrea,ERI,2014,33.0946,0.0,Stable
Eritrea,ERI,2015,34.29937,0.0,Stable
Eritrea,ERI,2017,39.36292,0.0,Stable
Eritrea,ERI,2018,39.37904,0.0,Stable
Eritrea,ERI,2019,40.662926,0.0,Stable
Eritrea,ERI,2022,40.38481,1.0,Conflict
Estonia,EST,2014,2.44312,0.0,Stable
Estonia,EST,2015,2.48307,0.0,Stable
Estonia,EST,2016,2.45627,0.0,Stable
Estonia,EST,2017,2.41259,0.0,Stable
Estonia,EST,2018,2.36929,0.0,Stable
Estonia,EST,2019,2.26396,0.0,Stable
Estonia,EST,2020,2.21796,0.0,Stable
Estonia,EST,2021,2.12305,0.0,Stable
Estonia,EST,2022,1.82406,0.0,Stable
Estonia,EST,2023,2.46553,0.0,Stable
Eswatini,SWZ,2010,13.3623,0.0,Stable
Eswatini,SWZ,2011,8.26201,0.0,Stable
Eswatini,SWZ,2012,12.3784,0.0,Stable
Eswatini,SWZ,2013,14.73859,0.0,Stable
Eswatini,SWZ,2014,12.31738,0.0,Stable
Eswatini,SWZ,2015,11.852,0.0,Stable
Eswatini,SWZ,2016,10.53223,0.0,Stable
Eswatini,SWZ,2017,11.21364,0.0,Stable
Eswatini,SWZ,2018,9.62981,0.0,Stable
Eswatini,SWZ,2019,8.4595,0.0,Stable
Ethiopia,ETH,2010,28.17615,2.0,Conflict
Ethiopia,ETH,2011,24.751,3.0,Conflict
Ethiopia,ETH,2012,23.8667,4.0,Conflict
Ethiopia,ETH,2014,19.133987,3.0,Conflict
Ethiopia,ETH,2015,20.217098,3.0,Conflict
Ethiopia,ETH,2021,25.73338,11.0,Conflict
Ethiopia,ETH,2022,24.645056,8.0,Conflict
Ethiopia,ETH,2023,23.828058,8.0,Conflict
Europe and Northern America (SDG),,2010,3.0,,Stable
Europe and Northern America (SDG),,2011,3.0,,Stable
Europe and Northern America (SDG),,2012,3.0,,Stable
Europe and Northern America (SDG),,2013,3.0,,Stable
Europe and Northern America (SDG),,2014,3.0,,Stable
Europe and Northern America (SDG),,2015,2.0,,Stable
Europe and Northern America (SDG),,2016,2.0,,Stable
Europe and Northern America (SDG),,2017,2.0,,Stable
Europe and Northern America (SDG),,2018,2.0,,Stable
Europe and Northern America (SDG),,2019,2.0,,Stable
Europe and Northern America (SDG),,2020,2.0,,Stable
Europe and Northern America (SDG),,2021,2.0,,Stable
Europe and Northern America (SDG),,2022,2.0,,Stable
Europe and Northern America (SDG),,2023,2.0,,Stable
Fiji,FJI,2011,11.01829,0.0,Stable
Fiji,FJI,2012,9.88424,0.0,Stable
Fiji,FJI,2013,11.156903,0.0,Stable
Fiji,FJI,2014,8.023083,0.0,Stable
Fiji,FJI,2015,5.1093493,0.0,Stable
Fiji,FJI,2016,2.0022194,0.0,Stable
Fiji,FJI,2017,2.9190094,0.0,Stable
Fiji,FJI,2018,2.4594746,0.0,Stable
Fiji,FJI,2020,2.82972,0.0,Stable
Finland,FIN,2010,1.20955,0.0,Stable
Finland,FIN,2011,1.12918,0.0,Stable
Finland,FIN,2012,1.26226,0.0,Stable
Finland,FIN,2013,1.33874,0.0,Stable
Finland,FIN,2014,1.33726,0.0,Stable
Finland,FIN,2015,1.60241,0.0,Stable
Finland,FIN,2016,1.62971,0.0,Stable
Finland,FIN,2017,1.82955,0.0,Stable
Finland,FIN,2018,1.82133,0.0,Stable
Finland,FIN,2019,2.22771,0.0,Stable
Finland,FIN,2020,1.89111,0.0,Stable
Finland,FIN,2021,1.36123,0.0,Stable
Finland,FIN,2022,1.97632,0.0,Stable
Finland,FIN,2023,1.55233,0.0,Stable
France,FRA,2010,1.26805,0.0,Stable
France,FRA,2011,0.24182,0.0,Stable
France,FRA,2012,0.36989,0.0,Stable
France,FRA,2013,0.57923,0.0,Stable
France,FRA,2014,1.36188,0.0,Stable
France,FRA,2015,0.51498,2.0,Conflict
France,FRA,2016,0.1672,1.0,Conflict
France,FRA,2017,0.0584,1.0,Conflict
France,FRA,2018,0.01472,2.0,Conflict
France,FRA,2019,0.11633,0.0,Stable
France,FRA,2020,0.01843,0.0,Stable
France,FRA,2021,0.07045,0.0,Stable
France,FRA,2022,0.01469,0.0,Stable
Gabon,GAB,2019,28.767017,0.0,Stable
Gambia,GMB,2010,79.433586,0.0,Stable
Gambia,GMB,2011,79.38872,0.0,Stable
Gambia,GMB,2012,79.561035,0.0,Stable
Gambia,GMB,2013,34.80503,0.0,Stable
Gambia,GMB,2014,35.072502,0.0,Stable
Gambia,GMB,2015,29.45564,0.0,Stable
Gambia,GMB,2016,27.853226,0.0,Stable
Gambia,GMB,2017,25.354548,0.0,Stable
Gambia,GMB,2018,23.645185,0.0,Stable
Gambia,GMB,2019,20.306572,0.0,Stable
Gambia,GMB,2020,18.436348,0.0,Stable
Gambia,GMB,2021,19.023596,0.0,Stable
Gambia,GMB,2022,18.783827,0.0,Stable
Gambia,GMB,2023,18.782423,0.0,Stable
Georgia,GEO,2011,2.2096,0.0,Stable
Georgia,GEO,2012,2.84841,0.0,Stable
Georgia,GEO,2013,2.90014,0.0,Stable
Georgia,GEO,2014,2.95477,0.0,Stable
Georgia,GEO,2015,2.32305,0.0,Stable
Georgia,GEO,2016,2.33445,0.0,Stable
Georgia,GEO,2017,2.03302,0.0,Stable
Georgia,GEO,2018,1.86487,0.0,Stable
Georgia,GEO,2019,1.61677,0.0,Stable
Georgia,GEO,2020,1.19046,0.0,Stable
Georgia,GEO,2021,0.82859,0.0,Stable
Georgia,GEO,2022,3.03973,0.0,Stable
Georgia,GEO,2023,4.80816,1.0,Conflict
Germany,DEU,2010,1.08099,0.0,Stable
Germany,DEU,2011,0.59579,0.0,Stable
Germany,DEU,2012,0.89089,0.0,Stable
Germany,DEU,2013,0.91202,0.0,Stable
Germany,DEU,2014,1.23104,0.0,Stable
Germany,DEU,2015,0.85771,0.0,Stable
Germany,DEU,2016,1.74626,1.0,Conflict
Germany,DEU,2017,1.07963,0.0,Stable
Germany,DEU,2018,0.87091,0.0,Stable
Germany,DEU,2019,0.95647,0.0,Stable
Germany,DEU,2020,1.18655,0.0,Stable
Germany,DEU,2021,1.46277,0.0,Stable
Germany,DEU,2022,1.9147,0.0,Stable
Germany,DEU,2023,2.60674,0.0,Stable
Ghana,GHA,2011,11.15274,0.0,Stable
Ghana,GHA,2012,12.73185,0.0,Stable
Ghana,GHA,2017,6.84285,0.0,Stable
Ghana,GHA,2018,8.17129,0.0,Stable
Ghana,GHA,2019,5.51481,0.0,Stable
Ghana,GHA,2020,10.56183,0.0,Stable
Ghana,GHA,2021,9.94092,0.0,Stable
Gibraltar,GIB,2023,2.27343,,Stable
Greece,GRC,2010,1.48902,0.0,Stable
Greece,GRC,2011,1.5818,0.0,Stable
Greece,GRC,2012,1.93592,0.0,Stable
Greece,GRC,2013,2.26208,0.0,Stable
Greece,GRC,2014,2.87138,0.0,Stable
Greece,GRC,2015,2.17935,0.0,Stable
Greece,GRC,2016,1.42453,0.0,Stable
Greece,GRC,2017,1.97015,0.0,Stable
Greece,GRC,2018,2.98123,0.0,Stable
Greece,GRC,2019,3.19517,0.0,Stable
Greece,GRC,2020,3.72726,0.0,Stable
Greece,GRC,2021,3.84676,0.0,Stable
Greece,GRC,2022,0.00218,0.0,Stable
Grenada,GRD,2016,0.08658,0.0,Stable
Grenada,GRD,2018,0.12150103,0.0,Stable
Grenada,GRD,2021,2.847543,0.0,Stable
Guatemala,GTM,2011,2.42609,1.0,Conflict
Guatemala,GTM,2012,5.15038,0.0,Stable
Guatemala,GTM,2013,7.41037,0.0,Stable
Guatemala,GTM,2014,9.45646,0.0,Stable
Guatemala,GTM,2015,10.09928,0.0,Stable
Guatemala,GTM,2016,11.22003,0.0,Stable
Guatemala,GTM,2017,10.57767,0.0,Stable
Guatemala,GTM,2018,9.68107,0.0,Stable
Guatemala,GTM,2019,9.90468,0.0,Stable
Guatemala,GTM,2020,9.76338,0.0,Stable
Guatemala,GTM,2021,8.55242,0.0,Stable
Guatemala,GTM,2022,8.49344,0.0,Stable
Guatemala,GTM,2023,8.36757,0.0,Stable
Guinea,GIN,2010,28.14941,0.0,Stable
Guinea,GIN,2011,23.52452,1.0,Conflict
Guinea,GIN,2012,23.92425,0.0,Stable
Guinea,GIN,2013,22.06363,1.0,Conflict
Guinea,GIN,2014,18.43853,0.0,Stable
Guinea,GIN,2015,26.045494,0.0,Stable
Guinea,GIN,2016,20.54387,0.0,Stable
Guinea,GIN,2018,16.511457,0.0,Stable
Guinea,GIN,2019,17.70051,0.0,Stable
Guinea,GIN,2020,14.72784,1.0,Conflict
Guinea,GIN,2021,19.447342,0.0,Stable
Guinea-Bissau,GNB,2010,30.54524,0.0,Stable
Guyana,GUY,2010,0.5306,0.0,Stable
Guyana,GUY,2011,0.34572,0.0,Stable
Guyana,GUY,2012,0.32373,0.0,Stable
Guyana,GUY,2020,19.00882,0.0,Stable
Guyana,GUY,2021,19.97469,0.0,Stable
Guyana,GUY,2023,17.98016,0.0,Stable
High-income countries,,2010,2.0,,Stable
High-income countries,,2011,2.0,,Stable
High-income countries,,2012,2.0,,Stable
High-income countries,,2013,2.0,,Stable
High-income countries,,2014,2.0,,Stable
High-income countries,,2015,2.0,,Stable
High-income countries,,2016,2.0,,Stable
High-income countries,,2017,2.0,,Stable
High-income countries,,2018,2.0,,Stable
High-income countries,,2019,2.0,,Stable
High-income countries,,2020,2.0,,Stable
High-income countries,,2021,2.0,,Stable
High-income countries,,2022,2.0,,Stable
High-income countries,,2023,2.0,,Stable
Honduras,HND,2010,13.5943,2.0,Conflict
Honduras,HND,2011,14.04161,0.0,Stable
Honduras,HND,2012,17.65223,0.0,Stable
Honduras,HND,2013,20.66663,0.0,Stable
Honduras,HND,2014,21.5602,0.0,Stable
Honduras,HND,2015,22.59708,1.0,Conflict
Honduras,HND,2016,21.78564,0.0,Stable
Honduras,HND,2017,20.98608,0.0,Stable
Honduras,HND,2018,19.97075,0.0,Stable
Honduras,HND,2019,17.81508,1.0,Conflict
Honduras,HND,2020,21.7878,0.0,Stable
Honduras,HND,2021,24.76082,0.0,Stable
Honduras,HND,2022,23.47115,0.0,Stable
Honduras,HND,2023,23.98801,1.0,Conflict
Hong Kong,HKG,2010,0.36449,,Stable
Hong Kong,HKG,2011,0.28618,,Stable
Hong Kong,HKG,2012,0.31574,,Stable
Hong Kong,HKG,2013,0.35305,,Stable
Hong Kong,HKG,2014,0.78609,,Stable
Hong Kong,HKG,2015,0.87763,,Stable
Hong Kong,HKG,2016,0.69772,,Stable
Hong Kong,HKG,2017,0.22006,,Stable
Hong Kong,HKG,2018,0.12477,,Stable
Hong Kong,HKG,2019,0.06677,,Stable
Hong Kong,HKG,2020,0.66121,,Stable
Hong Kong,HKG,2021,1.03279,,Stable
Hong Kong,HKG,2022,0.87637,,Stable
Hungary,HUN,2010,2.07813,0.0,Stable
Hungary,HUN,2011,2.38243,0.0,Stable
Hungary,HUN,2012,1.68873,0.0,Stable
Hungary,HUN,2013,2.5146,0.0,Stable
Hungary,HUN,2014,3.55279,0.0,Stable
Hungary,HUN,2015,4.28496,0.0,Stable
Hungary,HUN,2016,4.96834,0.0,Stable
Hungary,HUN,2017,4.86932,0.0,Stable
Hungary,HUN,2018,4.4528,0.0,Stable
Hungary,HUN,2019,4.34871,0.0,Stable
Hungary,HUN,2020,4.27849,0.0,Stable
Hungary,HUN,2021,3.86026,0.0,Stable
Hungary,HUN,2022,3.68225,0.0,Stable
Hungary,HUN,2023,2.17056,0.0,Stable
Iceland,ISL,2010,1.17321,0.0,Stable
Iceland,ISL,2011,1.25826,0.0,Stable
Iceland,ISL,2012,1.13338,0.0,Stable
Iceland,ISL,2013,1.19902,0.0,Stable
Iceland,ISL,2014,1.17632,0.0,Stable
Iceland,ISL,2015,1.26188,0.0,Stable
Iceland,ISL,2016,1.0373,0.0,Stable
Iceland,ISL,2017,1.06649,0.0,Stable
Iceland,ISL,2018,1.10108,0.0,Stable
Iceland,ISL,2019,1.18958,0.0,Stable
Iceland,ISL,2020,1.42287,0.0,Stable
Iceland,ISL,2021,1.42077,0.0,Stable
Iceland,ISL,2022,1.51547,0.0,Stable
India,IND,2010,0.8608,8.0,Conflict
India,IND,2011,1.31821,5.0,Conflict
India,IND,2012,1.2325,7.0,Conflict
India,IND,2013,0.42539,7.0,Conflict
India,IND,2016,4.1068063,5.0,Conflict
India,IND,2017,6.0307775,6.0,Conflict
India,IND,2018,6.3785086,6.0,Conflict
India,IND,2019,7.3728743,5.0,Conflict
India,IND,2020,4.0558476,6.0,Conflict
India,IND,2021,2.3127618,4.0,Conflict
India,IND,2022,0.15279904,3.0,Conflict
India,IND,2023,1.469687,5.0,Conflict
India,IND,2024,0.1043027,4.0,Conflict
Indonesia,IDN,2010,0.39074,0.0,Stable
Indonesia,IDN,2011,1.8207,0.0,Stable
Indonesia,IDN,2012,0.23618,0.0,Stable
Indonesia,IDN,2013,1.82161,0.0,Stable
Indonesia,IDN,2014,3.53214,0.0,Stable
Indonesia,IDN,2016,6.06455,0.0,Stable
Indonesia,IDN,2017,6.39141,0.0,Stable
Indonesia,IDN,2018,7.7000875,1.0,Conflict
Indonesia,IDN,2019,1.7221777,1.0,Conflict
Indonesia,IDN,2020,2.6784973,1.0,Conflict
Indonesia,IDN,2021,1.441552,1.0,Conflict
Indonesia,IDN,2022,1.2257968,1.0,Conflict
Indonesia,IDN,2023,0.7270525,2.0,Conflict
Iran,IRN,2010,5.51022,2.0,Conflict
Iran,IRN,2011,4.82335,1.0,Conflict
Iran,IRN,2012,4.23035,0.0,Stable
Iran,IRN,2013,2.18343,0.0,Stable
Iran,IRN,2014,3.97034,0.0,Stable
Iran,IRN,2015,3.82706,0.0,Stable
Iran,IRN,2016,3.49585,1.0,Conflict
Iran,IRN,2017,2.6499,1.0,Conflict
Iran,IRN,2019,1.55243,3.0,Conflict
Iran,IRN,2020,1.82946,3.0,Conflict
Ireland,IRL,2010,0.20008,0.0,Stable
Ireland,IRL,2011,0.1255,0.0,Stable
Ireland,IRL,2012,0.05789,0.0,Stable
Ireland,IRL,2013,0.07269,0.0,Stable
Ireland,IRL,2014,0.03736,0.0,Stable
Ireland,IRL,2015,0.04882,0.0,Stable
Ireland,IRL,2016,0.01164,0.0,Stable
Ireland,IRL,2017,0.02866,0.0,Stable
Ireland,IRL,2018,0.00174,0.0,Stable
Ireland,IRL,2019,0.13723,0.0,Stable
Ireland,IRL,2020,0.04233,0.0,Stable
Ireland,IRL,2021,0.76346,0.0,Stable
Ireland,IRL,2022,1.10954,0.0,Stable
Israel,ISR,2010,1.9796,1.0,Conflict
Israel,ISR,2011,1.78611,1.0,Conflict
Israel,ISR,2012,1.71368,0.0,Stable
Israel,ISR,2013,1.90962,0.0,Stable
Israel,ISR,2014,2.34048,1.0,Conflict
Israel,ISR,2015,2.54888,0.0,Stable
Israel,ISR,2016,2.5991,0.0,Stable
Israel,ISR,2017,3.19675,0.0,Stable
Israel,ISR,2018,3.39649,1.0,Conflict
Israel,ISR,2019,3.71177,1.0,Conflict
Israel,ISR,2020,3.82693,0.0,Stable
Israel,ISR,2021,3.63031,1.0,Conflict
Israel,ISR,2022,3.65607,0.0,Stable
Italy,ITA,2010,0.21688,0.0,Stable
Italy,ITA,2011,0.29289,0.0,Stable
Italy,ITA,2012,0.33649,0.0,Stable
Italy,ITA,2013,0.88532,0.0,Stable
Italy,ITA,2014,1.23085,0.0,Stable
Italy,ITA,2015,1.49434,0.0,Stable
Italy,ITA,2016,1.66492,0.0,Stable
Italy,ITA,2017,1.63794,0.0,Stable
Italy,ITA,2018,1.57104,0.0,Stable
Italy,ITA,2019,1.59696,0.0,Stable
Italy,ITA,2020,1.48285,0.0,Stable
Italy,ITA,2021,2.10581,0.0,Stable
Italy,ITA,2022,2.50709,0.0,Stable
Italy,ITA,2023,2.05616,0.0,Stable
Jamaica,JAM,2013,19.550209,0.0,Stable
Jamaica,JAM,2014,20.479929,0.0,Stable
Jamaica,JAM,2015,21.435738,0.0,Stable
Jamaica,JAM,2016,20.73527,0.0,Stable
Jamaica,JAM,2017,21.62405,0.0,Stable
Jamaica,JAM,2018,21.852474,0.0,Stable
Jamaica,JAM,2019,21.968878,0.0,Stable
Jamaica,JAM,2020,12.57722,0.0,Stable
Jamaica,JAM,2021,15.01546,0.0,Stable
Jamaica,JAM,2022,7.05946,0.0,Stable
Jamaica,JAM,2023,12.40718,0.0,Stable
Japan,JPN,2013,0.03142,0.0,Stable
Japan,JPN,2014,0.10237,0.0,Stable
Japan,JPN,2015,0.14499,0.0,Stable
Japan,JPN,2016,0.09465,0.0,Stable
Japan,JPN,2017,0.0502,0.0,Stable
Japan,JPN,2018,0.0925,0.0,Stable
Japan,JPN,2019,0.08571,0.0,Stable
Japan,JPN,2020,0.13415,0.0,Stable
Japan,JPN,2021,0.03021,0.0,Stable
Japan,JPN,2022,0.09672,0.0,Stable
Jordan,JOR,2010,11.55295,0.0,Stable
Jordan,JOR,2011,10.74986,0.0,Stable
Jordan,JOR,2012,10.29566,0.0,Stable
Jordan,JOR,2013,6.85762,0.0,Stable
Jordan,JOR,2016,3.68804,2.0,Conflict
Jordan,JOR,2017,2.12275,0.0,Stable
Jordan,JOR,2018,1.69143,0.0,Stable
Jordan,JOR,2019,1.70248,0.0,Stable
Jordan,JOR,2020,1.58038,0.0,Stable
Jordan,JOR,2021,2.55204,0.0,Stable
Jordan,JOR,2022,1.88791,0.0,Stable
Jordan,JOR,2023,2.73386,0.0,Stable
Kazakhstan,KAZ,2010,8.093388,0.0,Stable
Kazakhstan,KAZ,2011,7.543376,0.0,Stable
Kazakhstan,KAZ,2012,7.593671,0.0,Stable
Kazakhstan,KAZ,2013,8.224593,0.0,Stable
Kazakhstan,KAZ,2014,8.453081,0.0,Stable
Kazakhstan,KAZ,2015,8.352266,0.0,Stable
Kazakhstan,KAZ,2016,8.508386,0.0,Stable
Kazakhstan,KAZ,2017,5.798749,0.0,Stable
Kazakhstan,KAZ,2018,5.0508018,0.0,Stable
Kazakhstan,KAZ,2019,3.967298,0.0,Stable
Kazakhstan,KAZ,2020,10.840316,0.0,Stable
Kazakhstan,KAZ,2021,10.970421,0.0,Stable
Kazakhstan,KAZ,2022,10.371205,0.0,Stable
Kazakhstan,KAZ,2023,5.8632965,0.0,Stable
Kazakhstan,KAZ,2024,6.4019804,0.0,Stable
Kenya,KEN,2012,17.28183,5.0,Conflict
Kiribati,KIR,2014,0.41028,0.0,Stable
Kiribati,KIR,2015,1.0767,0.0,Stable
Kiribati,KIR,2016,0.29404,0.0,Stable
Kiribati,KIR,2017,1.38602,0.0,Stable
Kiribati,KIR,2020,2.04581,0.0,Stable
Kiribati,KIR,2021,2.51002,0.0,Stable
Kiribati,KIR,2022,4.37924,0.0,Stable
Kiribati,KIR,2023,8.473,0.0,Stable
Kuwait,KWT,2010,0.48068,0.0,Stable
Kuwait,KWT,2011,0.06755,0.0,Stable
Kuwait,KWT,2012,1.26547,0.0,Stable
Kuwait,KWT,2013,2.23985,0.0,Stable
Kuwait,KWT,2014,2.02669,0.0,Stable
Kuwait,KWT,2015,3.03995,1.0,Conflict
Kyrgyzstan,KGZ,2010,5.321882,1.0,Conflict
Kyrgyzstan,KGZ,2011,6.037532,0.0,Stable
Kyrgyzstan,KGZ,2012,5.7901454,0.0,Stable
Kyrgyzstan,KGZ,2013,5.5489435,0.0,Stable
Kyrgyzstan,KGZ,2014,4.605263,0.0,Stable
Kyrgyzstan,KGZ,2015,4.95562,0.0,Stable
Kyrgyzstan,KGZ,2016,2.7579339,0.0,Stable
Kyrgyzstan,KGZ,2017,2.7086897,0.0,Stable
Kyrgyzstan,KGZ,2018,2.2972507,0.0,Stable
Kyrgyzstan,KGZ,2019,2.7776582,0.0,Stable
Kyrgyzstan,KGZ,2020,5.261278,0.0,Stable
Kyrgyzstan,KGZ,2021,4.3307405,1.0,Conflict
Kyrgyzstan,KGZ,2022,3.538466,1.0,Conflict
Kyrgyzstan,KGZ,2024,2.9818604,0.0,Stable
Laos,LAO,2010,8.25074,0.0,Stable
Laos,LAO,2011,7.973733,0.0,Stable
Laos,LAO,2012,7.482997,0.0,Stable
Laos,LAO,2013,4.9805727,0.0,Stable
Laos,LAO,2014,3.9750235,0.0,Stable
Laos,LAO,2015,4.8259115,0.0,Stable
Laos,LAO,2016,5.2598143,0.0,Stable
Laos,LAO,2017,6.2684927,0.0,Stable
Laos,LAO,2018,6.800317,0.0,Stable
Laos,LAO,2019,6.6509905,0.0,Stable
Laos,LAO,2020,6.877884,0.0,Stable
Laos,LAO,2021,7.036751,0.0,Stable
Laos,LAO,2022,9.398451,0.0,Stable
Laos,LAO,2023,9.469037,0.0,Stable
Laos,LAO,2024,10.335797,0.0,Stable
Latin America and the Caribbean (SDG),,2010,4.0,,Stable
Latin America and the Caribbean (SDG),,2011,4.0,,Stable
Latin America and the Caribbean (SDG),,2012,4.0,,Stable
Latin America and the Caribbean (SDG),,2013,4.0,,Stable
Latin America and the Caribbean (SDG),,2014,4.0,,Stable
Latin America and the Caribbean (SDG),,2015,4.0,,Stable
Latin America and the Caribbean (SDG),,2016,4.0,,Stable
Latin America and the Caribbean (SDG),,2017,4.0,,Stable
Latin America and the Caribbean (SDG),,2018,4.0,,Stable
Latin America and the Caribbean (SDG),,2019,4.0,,Stable
Latin America and the Caribbean (SDG),,2020,4.0,,Stable
Latin America and the Caribbean (SDG),,2021,4.0,,Stable
Latin America and the Caribbean (SDG),,2022,4.0,,Stable
Latin America and the Caribbean (SDG),,2023,4.0,,Stable
Latvia,LVA,2010,0.86757,0.0,Stable
Latvia,LVA,2011,0.76668,0.0,Stable
Latvia,LVA,2012,1.46035,0.0,Stable
Latvia,LVA,2013,1.86098,0.0,Stable
Latvia,LVA,2014,1.96989,0.0,Stable
Latvia,LVA,2015,2.03865,0.0,Stable
Latvia,LVA,2016,1.7373,0.0,Stable
Latvia,LVA,2017,1.5162,0.0,Stable
Latvia,LVA,2018,1.13144,0.0,Stable
Latvia,LVA,2019,1.17626,0.0,Stable
Latvia,LVA,2020,1.30227,0.0,Stable
Latvia,LVA,2021,1.27525,0.0,Stable
Latvia,LVA,2022,1.44377,0.0,Stable
Latvia,LVA,2023,1.95969,0.0,Stable
Lebanon,LBN,2023,25.66835,2.0,Conflict
Lesotho,LSO,2010,15.311445,0.0,Stable
Lesotho,LSO,2011,64.70967,0.0,Stable
Lesotho,LSO,2012,64.05392,0.0,Stable
Lesotho,LSO,2013,14.552518,0.0,Stable
Lesotho,LSO,2014,15.937589,0.0,Stable
Lesotho,LSO,2015,16.659925,0.0,Stable
Lesotho,LSO,2016,16.150509,0.0,Stable
Lesotho,LSO,2017,14.812339,0.0,Stable
Lesotho,LSO,2018,20.199614,0.0,Stable
Lesotho,LSO,2019,22.852762,0.0,Stable
Lesotho,LSO,2020,24.304634,0.0,Stable
Lesotho,LSO,2021,30.323095,0.0,Stable
Lesotho,LSO,2022,29.384666,0.0,Stable
Lesotho,LSO,2023,30.697132,0.0,Stable
Liberia,LBR,2011,33.196026,0.0,Stable
Liberia,LBR,2014,11.42757,0.0,Stable
Liberia,LBR,2016,20.393263,0.0,Stable
Liberia,LBR,2017,26.437555,0.0,Stable
Liberia,LBR,2020,31.61101,0.0,Stable
Liberia,LBR,2021,35.406406,0.0,Stable
Liberia,LBR,2022,38.25398,0.0,Stable
Liechtenstein,LIE,2010,0.76421,0.0,Stable
Liechtenstein,LIE,2011,1.25065,0.0,Stable
Liechtenstein,LIE,2012,1.52071,0.0,Stable
Liechtenstein,LIE,2014,2.34167,0.0,Stable
Liechtenstein,LIE,2015,0.03349,0.0,Stable
Liechtenstein,LIE,2016,0.32448,0.0,Stable
Liechtenstein,LIE,2017,0.15869,0.0,Stable
Liechtenstein,LIE,2018,0.14877,0.0,Stable
Liechtenstein,LIE,2019,0.07966,0.0,Stable
Liechtenstein,LIE,2020,0.56434,0.0,Stable
Liechtenstein,LIE,2021,0.82476,0.0,Stable
Lithuania,LTU,2013,0.1379,0.0,Stable
Lithuania,LTU,2014,0.49702,0.0,Stable
Lithuania,LTU,2015,0.3491,0.0,Stable
Lithuania,LTU,2016,0.19277,0.0,Stable
Lithuania,LTU,2017,0.14117,0.0,Stable
Lithuania,LTU,2018,0.37495,0.0,Stable
Lithuania,LTU,2019,0.58479,0.0,Stable
Lithuania,LTU,2020,0.5133,0.0,Stable
Lithuania,LTU,2021,0.54355,0.0,Stable
Lithuania,LTU,2022,0.02364,0.0,Stable
Low-income countries,,2010,28.0,,Stable
Low-income countries,,2011,27.000002,,Stable
Low-income countries,,2012,26.0,,Stable
Low-income countries,,2013,26.0,,Stable
Low-income countries,,2014,25.0,,Stable
Low-income countries,,2015,25.0,,Stable
Low-income countries,,2016,25.0,,Stable
Low-income countries,,2017,25.0,,Stable
Low-income countries,,2018,25.0,,Stable
Low-income countries,,2019,24.0,,Stable
Low-income countries,,2020,24.0,,Stable
Low-income countries,,2021,23.0,,Stable
Low-income countries,,2022,23.0,,Stable
Low-income countries,,2023,23.0,,Stable
Lower-middle-income countries,,2010,16.0,,Stable
Lower-middle-income countries,,2011,15.000001,,Stable
Lower-middle-income countries,,2012,15.000001,,Stable
Lower-middle-income countries,,2013,14.0,,Stable
Lower-middle-income countries,,2014,14.0,,Stable
Lower-middle-income countries,,2015,13.0,,Stable
Lower-middle-income countries,,2016,13.0,,Stable
Lower-middle-income countries,,2017,12.0,,Stable
Lower-middle-income countries,,2018,12.0,,Stable
Lower-middle-income countries,,2019,11.0,,Stable
Lower-middle-income countries,,2020,11.0,,Stable
Lower-middle-income countries,,2021,10.0,,Stable
Lower-middle-income countries,,2022,10.0,,Stable
Lower-middle-income countries,,2023,10.0,,Stable
Luxembourg,LUX,2010,3.86029,0.0,Stable
Luxembourg,LUX,2011,4.96324,0.0,Stable
Luxembourg,LUX,2012,1.93863,0.0,Stable
Luxembourg,LUX,2013,2.71701,0.0,Stable
Luxembourg,LUX,2014,3.02065,0.0,Stable
Luxembourg,LUX,2015,2.62758,0.0,Stable
Luxembourg,LUX,2016,2.61968,0.0,Stable
Luxembourg,LUX,2017,3.30613,0.0,Stable
Luxembourg,LUX,2018,2.44804,0.0,Stable
Luxembourg,LUX,2019,1.47956,0.0,Stable
Luxembourg,LUX,2020,1.59485,0.0,Stable
Luxembourg,LUX,2021,1.65279,0.0,Stable
Luxembourg,LUX,2022,0.34542,0.0,Stable
Macao,MAC,2010,9.47511,,Stable
Macao,MAC,2011,7.07965,,Stable
Macao,MAC,2012,8.94737,,Stable
Macao,MAC,2013,7.74888,,Stable
Macao,MAC,2014,4.89427,,Stable
Macao,MAC,2015,4.24691,,Stable
Macao,MAC,2016,2.44828,,Stable
Macao,MAC,2017,2.66998,,Stable
Macao,MAC,2018,2.20134,,Stable
Macao,MAC,2019,6.13609,,Stable
Macao,MAC,2020,9.81148,,Stable
Macao,MAC,2021,12.73116,,Stable
Macao,MAC,2022,16.33256,,Stable
Macao,MAC,2023,14.2032,,Stable
Madagascar,MDG,2010,2.031428,0.0,Stable
Madagascar,MDG,2011,1.7166039,0.0,Stable
Madagascar,MDG,2013,2.0750556,0.0,Stable
Madagascar,MDG,2014,2.0286853,0.0,Stable
Madagascar,MDG,2015,2.0956743,0.0,Stable
Madagascar,MDG,2016,2.8668656,0.0,Stable
Madagascar,MDG,2017,2.194865,0.0,Stable
Madagascar,MDG,2018,2.4032576,0.0,Stable
Madagascar,MDG,2019,8.89721,0.0,Stable
Madagascar,MDG,2021,2.5461016,0.0,Stable
Madagascar,MDG,2022,3.158758,0.0,Stable
Madagascar,MDG,2023,3.307424,0.0,Stable
Madagascar,MDG,2024,3.4005392,0.0,Stable
Malaysia,MYS,2010,4.62372,0.0,Stable
Malaysia,MYS,2011,5.07486,0.0,Stable
Malaysia,MYS,2012,5.32901,0.0,Stable
Malaysia,MYS,2013,5.479191,1.0,Conflict
Malaysia,MYS,2014,7.004767,0.0,Stable
Malaysia,MYS,2015,7.8452826,0.0,Stable
Malaysia,MYS,2016,8.028543,0.0,Stable
Malaysia,MYS,2017,7.937559,1.0,Conflict
Malaysia,MYS,2018,7.8101597,0.0,Stable
Malaysia,MYS,2019,10.90442,0.0,Stable
Malaysia,MYS,2020,11.766591,0.0,Stable
Malaysia,MYS,2021,12.124676,0.0,Stable
Malaysia,MYS,2022,12.461852,0.0,Stable
Malaysia,MYS,2023,9.142985,0.0,Stable
Maldives,MDV,2010,4.74338,0.0,Stable
Maldives,MDV,2011,5.3817744,0.0,Stable
Maldives,MDV,2012,6.2766466,0.0,Stable
Maldives,MDV,2013,6.5939302,0.0,Stable
Maldives,MDV,2014,4.783231,0.0,Stable
Maldives,MDV,2015,4.826721,0.0,Stable
Maldives,MDV,2016,5.7296133,0.0,Stable
Maldives,MDV,2017,4.9767065,0.0,Stable
Maldives,MDV,2018,4.8712664,0.0,Stable
Maldives,MDV,2019,4.440111,0.0,Stable
Maldives,MDV,2020,4.5426598,0.0,Stable
Maldives,MDV,2022,5.3754635,0.0,Stable
Maldives,MDV,2023,6.8039646,0.0,Stable
Mali,MLI,2010,35.9002,1.0,Conflict
Mali,MLI,2011,35.24856,1.0,Conflict
Mali,MLI,2012,37.52106,6.0,Conflict
Mali,MLI,2013,41.63131,3.0,Conflict
Mali,MLI,2014,40.82058,4.0,Conflict
Mali,MLI,2015,43.43178,4.0,Conflict
Mali,MLI,2016,42.12969,3.0,Conflict
Mali,MLI,2017,37.21693,9.0,Conflict
Mali,MLI,2018,45.07208,13.0,Conflict
Mali,MLI,2023,34.00782,8.0,Conflict
Malta,MLT,2011,0.05273,0.0,Stable
Malta,MLT,2012,0.26788,0.0,Stable
Malta,MLT,2013,1.03968,0.0,Stable
Malta,MLT,2014,1.33315,0.0,Stable
Malta,MLT,2015,1.23194,0.0,Stable
Malta,MLT,2016,1.18002,0.0,Stable
Malta,MLT,2017,1.18777,0.0,Stable
Malta,MLT,2018,0.62836,0.0,Stable
Malta,MLT,2019,1.47456,0.0,Stable
Malta,MLT,2020,2.29797,0.0,Stable
Malta,MLT,2021,2.58395,0.0,Stable
Malta,MLT,2022,2.95252,0.0,Stable
Malta,MLT,2023,2.63779,0.0,Stable
Marshall Islands,MHL,2011,0.11442,0.0,Stable
Marshall Islands,MHL,2015,8.93435,0.0,Stable
Marshall Islands,MHL,2016,5.99419,0.0,Stable
Marshall Islands,MHL,2019,0.99596,0.0,Stable
Marshall Islands,MHL,2020,0.97881,0.0,Stable
Marshall Islands,MHL,2021,0.0709,0.0,Stable
Marshall Islands,MHL,2022,0.48205,0.0,Stable
Mauritania,MRT,2010,28.61834,1.0,Conflict
Mauritania,MRT,2011,28.81405,0.0,Stable
Mauritania,MRT,2012,30.86335,0.0,Stable
Mauritania,MRT,2013,29.25753,0.0,Stable
Mauritania,MRT,2014,28.03609,0.0,Stable
Mauritania,MRT,2016,32.71704,0.0,Stable
Mauritania,MRT,2017,28.84421,0.0,Stable
Mauritania,MRT,2018,27.46738,0.0,Stable
Mauritania,MRT,2019,30.90514,0.0,Stable
Mauritius,MUS,2010,3.10436,0.0,Stable
Mauritius,MUS,2011,3.62643,0.0,Stable
Mauritius,MUS,2012,7.66365,0.0,Stable
Mauritius,MUS,2013,5.89272,0.0,Stable
Mauritius,MUS,2014,5.50804,0.0,Stable
Mauritius,MUS,2015,5.28579,0.0,Stable
Mauritius,MUS,2016,5.00507,0.0,Stable
Mauritius,MUS,2017,4.69481,0.0,Stable
Mauritius,MUS,2018,2.43055,0.0,Stable
Mauritius,MUS,2019,4.19626,0.0,Stable
Mauritius,MUS,2020,3.64072,0.0,Stable
Mauritius,MUS,2021,6.08727,0.0,Stable
Mauritius,MUS,2023,1.74341,0.0,Stable
Mexico,MEX,2010,0.16255,11.0,Conflict
Mexico,MEX,2011,0.20713,9.0,Conflict
Mexico,MEX,2012,0.2336,9.0,Conflict
Mexico,MEX,2013,0.26967,7.0,Conflict
Mexico,MEX,2014,0.31485,10.0,Conflict
Mexico,MEX,2015,0.31636,12.0,Conflict
Mexico,MEX,2016,0.31266,9.0,Conflict
Mexico,MEX,2017,0.33379,12.0,Conflict
Mexico,MEX,2018,0.25599,12.0,Conflict
Mexico,MEX,2019,0.31706,12.0,Conflict
Mexico,MEX,2020,0.29094,14.0,Conflict
Mexico,MEX,2021,0.33327,16.0,Conflict
Mexico,MEX,2022,0.34192,18.0,Conflict
Micronesia (country),FSM,2014,12.98701,,Stable
Micronesia (country),FSM,2015,17.63785,,Stable
Micronesia (country),FSM,2016,11.59371,,Stable
Micronesia (country),FSM,2017,12.867247,,Stable
Micronesia (country),FSM,2018,6.1453276,,Stable
Micronesia (country),FSM,2019,10.795493,,Stable
Micronesia (country),FSM,2020,19.061924,,Stable
Micronesia (country),FSM,2021,19.065536,,Stable
Micronesia (country),FSM,2022,20.019297,,Stable
Micronesia (country),FSM,2023,23.937204,,Stable
Micronesia (country),FSM,2024,23.044146,,Stable
Moldova,MDA,2013,7.92693,0.0,Stable
Moldova,MDA,2014,0.20472,0.0,Stable
Moldova,MDA,2015,0.44474,0.0,Stable
Moldova,MDA,2016,0.61452,0.0,Stable
Moldova,MDA,2017,0.64105,0.0,Stable
Moldova,MDA,2018,0.64578,0.0,Stable
Moldova,MDA,2019,1.9291,0.0,Stable
Moldova,MDA,2020,0.79651,0.0,Stable
Moldova,MDA,2024,26.380814,0.0,Stable
Mongolia,MNG,2010,0.26078,0.0,Stable
Mongolia,MNG,2011,0.19078,0.0,Stable
Mongolia,MNG,2012,1.74132,0.0,Stable
Mongolia,MNG,2013,4.81135,0.0,Stable
Mongolia,MNG,2014,5.43826,0.0,Stable
Mongolia,MNG,2015,5.02854,0.0,Stable
Mongolia,MNG,2016,4.07902,0.0,Stable
Mongolia,MNG,2017,6.20981,0.0,Stable
Mongolia,MNG,2018,4.783992,0.0,Stable
Mongolia,MNG,2019,5.902503,0.0,Stable
Mongolia,MNG,2020,7.6939664,0.0,Stable
Mongolia,MNG,2021,8.338813,0.0,Stable
Mongolia,MNG,2022,7.415993,0.0,Stable
Mongolia,MNG,2023,7.7478952,0.0,Stable
Montenegro,MNE,2011,0.36555,0.0,Stable
Montenegro,MNE,2012,0.86514,0.0,Stable
Montenegro,MNE,2015,0.03839,0.0,Stable
Montenegro,MNE,2016,1.25122,0.0,Stable
Montenegro,MNE,2017,0.12325,0.0,Stable
Montenegro,MNE,2018,2.2825,0.0,Stable
Montenegro,MNE,2019,0.32416,0.0,Stable
Montenegro,MNE,2020,0.30845,0.0,Stable
Montenegro,MNE,2021,0.17315,0.0,Stable
Montenegro,MNE,2023,0.21833,0.0,Stable
Montserrat,MSR,2014,3.8835,,Stable
Montserrat,MSR,2021,0.2093005,,Stable
Montserrat,MSR,2022,0.17795573,,Stable
Montserrat,MSR,2023,6.685808,,Stable
Morocco,MAR,2010,8.89751,0.0,Stable
Morocco,MAR,2011,7.27161,1.0,Conflict
Morocco,MAR,2012,7.93019,0.0,Stable
Morocco,MAR,2013,6.78384,0.0,Stable
Morocco,MAR,2014,7.82313,0.0,Stable
Morocco,MAR,2016,8.26308,0.0,Stable
Morocco,MAR,2017,7.21812,0.0,Stable
Morocco,MAR,2018,5.1241,0.0,Stable
Morocco,MAR,2019,3.14722,0.0,Stable
Morocco,MAR,2020,0.47672,0.0,Stable
Morocco,MAR,2021,0.47104,0.0,Stable
Mozambique,MOZ,2010,6.55945,0.0,Stable
Mozambique,MOZ,2011,7.95243,0.0,Stable
Mozambique,MOZ,2012,6.88203,0.0,Stable
Mozambique,MOZ,2013,4.99464,1.0,Conflict
Mozambique,MOZ,2014,3.9042,1.0,Conflict
Mozambique,MOZ,2015,2.75525,0.0,Stable
Mozambique,MOZ,2016,4.48895,1.0,Conflict
Mozambique,MOZ,2017,6.52235,0.0,Stable
Mozambique,MOZ,2018,3.42924,2.0,Conflict
Mozambique,MOZ,2019,1.26288,4.0,Conflict
Mozambique,MOZ,2020,0.81559,3.0,Conflict
Mozambique,MOZ,2022,0.99997,3.0,Conflict
Myanmar,MMR,2010,1.40907,3.0,Conflict
Namibia,NAM,2010,5.20451,0.0,Stable
Namibia,NAM,2012,2.28475,0.0,Stable
Namibia,NAM,2013,0.86906,0.0,Stable
Namibia,NAM,2015,1.3705759,0.0,Stable
Namibia,NAM,2016,1.5331357,0.0,Stable
Namibia,NAM,2017,1.4629034,0.0,Stable
Namibia,NAM,2018,1.5013682,0.0,Stable
Namibia,NAM,2019,1.4133471,0.0,Stable
Namibia,NAM,2020,1.0501673,0.0,Stable
Namibia,NAM,2021,0.9353447,0.0,Stable
Namibia,NAM,2022,1.1372253,0.0,Stable
Namibia,NAM,2023,1.0689714,0.0,Stable
Nauru,NRU,2012,18.71212,0.0,Stable
Nauru,NRU,2014,7.99166,0.0,Stable
Nauru,NRU,2016,8.21406,0.0,Stable
Nauru,NRU,2019,3.6289,0.0,Stable
Nauru,NRU,2020,8.25991,0.0,Stable
Nauru,NRU,2022,4.91979,0.0,Stable
Nauru,NRU,2023,0.42198,0.0,Stable
Nepal,NPL,2011,1.70614,0.0,Stable
Nepal,NPL,2012,1.27089,0.0,Stable
Nepal,NPL,2014,1.04433,0.0,Stable
Nepal,NPL,2015,0.90652,0.0,Stable
Nepal,NPL,2016,0.4382,0.0,Stable
Nepal,NPL,2017,1.31738,0.0,Stable
Nepal,NPL,2021,0.24406086,0.0,Stable
Nepal,NPL,2022,0.63291645,0.0,Stable
Nepal,NPL,2023,2.0060897,0.0,Stable
Nepal,NPL,2024,2.0343845,0.0,Stable
Netherlands,NLD,2017,0.20207,0.0,Stable
Netherlands,NLD,2018,0.26055,0.0,Stable
Netherlands,NLD,2019,0.12655,0.0,Stable
Netherlands,NLD,2020,0.17394,0.0,Stable
Netherlands,NLD,2021,0.19105,0.0,Stable
Netherlands,NLD,2022,0.40566,0.0,Stable
New Zealand,NZL,2013,0.63364,0.0,Stable
New Zealand,NZL,2014,0.92535,0.0,Stable
New Zealand,NZL,2015,1.17346,0.0,Stable
New Zealand,NZL,2016,1.19614,0.0,Stable
New Zealand,NZL,2018,1.28593,0.0,Stable
New Zealand,NZL,2019,0.97521,0.0,Stable
New Zealand,NZL,2020,1.29258,0.0,Stable
New Zealand,NZL,2021,1.35002,0.0,Stable
New Zealand,NZL,2022,2.548,0.0,Stable
New Zealand,NZL,2023,2.30181,0.0,Stable
Nicaragua,NIC,2010,4.45765,0.0,Stable
Nicaragua,NIC,2023,6.65634,0.0,Stable
Niger,NER,2010,45.82871,0.0,Stable
Niger,NER,2011,41.25594,1.0,Conflict
Niger,NER,2012,39.93649,0.0,Stable
Niger,NER,2013,40.13473,1.0,Conflict
Niger,NER,2014,39.90944,1.0,Conflict
Niger,NER,2015,38.12008,5.0,Conflict
Niger,NER,2016,36.93566,3.0,Conflict
Niger,NER,2017,33.82993,3.0,Conflict
Niger,NER,2018,37.4042,9.0,Conflict
Niger,NER,2019,40.70807,4.0,Conflict
Niger,NER,2021,41.30443,7.0,Conflict
Niger,NER,2022,41.00564,8.0,Conflict
Niger,NER,2023,39.38048,7.0,Conflict
Nigeria,NGA,2010,38.11616,5.0,Conflict
Niue,NIU,2014,7.69231,,Stable
Niue,NIU,2015,9.05744,,Stable
Niue,NIU,2016,5.00754,,Stable
Niue,NIU,2019,5.12821,,Stable
North Macedonia,MKD,2010,0.31905,0.0,Stable
North Macedonia,MKD,2012,2.31208,0.0,Stable
North Macedonia,MKD,2013,3.41269,0.0,Stable
North Macedonia,MKD,2014,3.87041,0.0,Stable
North Macedonia,MKD,2015,2.2791,0.0,Stable
North Macedonia,MKD,2017,2.907,0.0,Stable
North Macedonia,MKD,2018,3.3432,0.0,Stable
North Macedonia,MKD,2019,7.26471,0.0,Stable
North Macedonia,MKD,2020,6.86204,0.0,Stable
North Macedonia,MKD,2021,7.36267,0.0,Stable
North Macedonia,MKD,2022,2.96356,0.0,Stable
Northern Africa and Western Asia (SDG),,2010,15.000001,,Stable
Northern Africa and Western Asia (SDG),,2011,14.0,,Stable
Northern Africa and Western Asia (SDG),,2012,14.0,,Stable
Northern Africa and Western Asia (SDG),,2013,13.0,,Stable
Northern Africa and Western Asia (SDG),,2014,12.0,,Stable
Northern Africa and Western Asia (SDG),,2015,12.0,,Stable
Northern Africa and Western Asia (SDG),,2016,11.0,,Stable
Northern Africa and Western Asia (SDG),,2017,11.0,,Stable
Northern Africa and Western Asia (SDG),,2018,10.0,,Stable
Northern Africa and Western Asia (SDG),,2019,10.0,,Stable
Northern Africa and Western Asia (SDG),,2020,11.0,,Stable
Northern Africa and Western Asia (SDG),,2021,11.0,,Stable
Northern Africa and Western Asia (SDG),,2022,11.0,,Stable
Northern Africa and Western Asia (SDG),,2023,11.0,,Stable
Norway,NOR,2010,0.25279,0.0,Stable
Norway,NOR,2011,0.19475,0.0,Stable
Norway,NOR,2012,0.27064,0.0,Stable
Norway,NOR,2013,0.26307,0.0,Stable
Norway,NOR,2014,0.41441,0.0,Stable
Norway,NOR,2015,0.53208,0.0,Stable
Norway,NOR,2016,0.69799,0.0,Stable
Norway,NOR,2017,0.65148,0.0,Stable
Norway,NOR,2018,0.75242,0.0,Stable
Norway,NOR,2019,0.83234,0.0,Stable
Norway,NOR,2020,1.03314,0.0,Stable
Norway,NOR,2021,0.93987,0.0,Stable
Norway,NOR,2022,0.94995,0.0,Stable
Norway,NOR,2023,1.31186,0.0,Stable
Oceania (excluding Australia and New Zealand) (SDG),,2010,14.0,,Stable
Oceania (excluding Australia and New Zealand) (SDG),,2011,13.0,,Stable
Oceania (excluding Australia and New Zealand) (SDG),,2012,13.0,,Stable
Oceania (excluding Australia and New Zealand) (SDG),,2013,13.0,,Stable
Oceania (excluding Australia and New Zealand) (SDG),,2014,14.0,,Stable
Oceania (excluding Australia and New Zealand) (SDG),,2015,15.000001,,Stable
Oceania (excluding Australia and New Zealand) (SDG),,2016,17.0,,Stable
Oceania (excluding Australia and New Zealand) (SDG),,2017,19.0,,Stable
Oceania (excluding Australia and New Zealand) (SDG),,2018,20.0,,Stable
Oceania (excluding Australia and New Zealand) (SDG),,2019,22.0,,Stable
Oceania (excluding Australia and New Zealand) (SDG),,2020,22.0,,Stable
Oceania (excluding Australia and New Zealand) (SDG),,2021,21.0,,Stable
Oceania (excluding Australia and New Zealand) (SDG),,2022,19.0,,Stable
Oceania (excluding Australia and New Zealand) (SDG),,2023,18.0,,Stable
Oman,OMN,2011,0.26972,0.0,Stable
Oman,OMN,2012,1.53327,0.0,Stable
Oman,OMN,2013,1.08152,0.0,Stable
Oman,OMN,2014,1.91862,0.0,Stable
Oman,OMN,2015,3.5884,0.0,Stable
Oman,OMN,2016,4.21373,0.0,Stable
Oman,OMN,2017,2.69878,0.0,Stable
Oman,OMN,2018,1.35803,0.0,Stable
Oman,OMN,2019,2.73849,0.0,Stable
Oman,OMN,2020,10.33807,0.0,Stable
Oman,OMN,2021,10.90429,0.0,Stable
Oman,OMN,2022,11.06424,0.0,Stable
Pakistan,PAK,2021,30.226881,6.0,Conflict
Pakistan,PAK,2022,28.54925,5.0,Conflict
Palau,PLW,2013,0.6865,0.0,Stable
Palau,PLW,2014,1.92572,0.0,Stable
Palau,PLW,2020,1.6442343,0.0,Stable
Palau,PLW,2021,0.5620047,0.0,Stable
Palau,PLW,2022,14.204947,0.0,Stable
Palau,PLW,2023,8.195542,0.0,Stable
Palestine,PSE,2010,8.5948,1.0,Conflict
Palestine,PSE,2011,8.50866,1.0,Conflict
Palestine,PSE,2012,6.39994,1.0,Conflict
Palestine,PSE,2013,6.57582,0.0,Stable
Palestine,PSE,2014,5.49729,1.0,Conflict
Palestine,PSE,2015,5.34256,0.0,Stable
Palestine,PSE,2016,4.8961,0.0,Stable
Palestine,PSE,2017,3.85097,0.0,Stable
Palestine,PSE,2018,4.64906,1.0,Conflict
Palestine,PSE,2019,5.5419,1.0,Conflict
Palestine,PSE,2020,6.46456,0.0,Stable
Palestine,PSE,2021,8.2298,1.0,Conflict
Palestine,PSE,2022,9.50722,1.0,Conflict
Palestine,PSE,2023,9.55693,3.0,Conflict
Panama,PAN,2010,2.8793,0.0,Stable
Panama,PAN,2011,4.10606,0.0,Stable
Panama,PAN,2012,4.89435,0.0,Stable
Panama,PAN,2013,6.5057,0.0,Stable
Panama,PAN,2014,8.68601,0.0,Stable
Panama,PAN,2015,10.09085,0.0,Stable
Panama,PAN,2017,12.6694,0.0,Stable
Panama,PAN,2019,10.90541,0.0,Stable
Panama,PAN,2020,10.23111,0.0,Stable
Panama,PAN,2021,3.4732,0.0,Stable
Panama,PAN,2022,3.04311,0.0,Stable
Panama,PAN,2023,8.90365,0.0,Stable
Papua New Guinea,PNG,2016,10.7806,0.0,Stable
Papua New Guinea,PNG,2018,0.92126,0.0,Stable
Paraguay,PRY,2010,1.58321,0.0,Stable
Paraguay,PRY,2011,1.50368,0.0,Stable
Paraguay,PRY,2012,1.55758,0.0,Stable
Paraguay,PRY,2016,10.25914,1.0,Conflict
Paraguay,PRY,2020,12.01779,0.0,Stable
Paraguay,PRY,2021,12.2766,0.0,Stable
Paraguay,PRY,2022,12.19997,0.0,Stable
Paraguay,PRY,2023,12.74421,0.0,Stable
Peru,PER,2010,0.6264,1.0,Conflict
Peru,PER,2011,0.77394,0.0,Stable
Peru,PER,2016,0.07757,0.0,Stable
Peru,PER,2017,0.04501,0.0,Stable
Peru,PER,2018,0.1835,0.0,Stable
Peru,PER,2019,0.15648,0.0,Stable
Philippines,PHL,2014,9.9342785,2.0,Conflict
Philippines,PHL,2015,10.557218,3.0,Conflict
Philippines,PHL,2016,10.732814,5.0,Conflict
Philippines,PHL,2017,10.576741,4.0,Conflict
Philippines,PHL,2018,10.703163,4.0,Conflict
Philippines,PHL,2019,9.057633,4.0,Conflict
Philippines,PHL,2020,8.459826,4.0,Conflict
Philippines,PHL,2021,12.276251,2.0,Conflict
Philippines,PHL,2022,10.903997,3.0,Conflict
Philippines,PHL,2023,10.496822,3.0,Conflict
Poland,POL,2010,2.77237,0.0,Stable
Poland,POL,2011,3.13686,0.0,Stable
Poland,POL,2012,3.40548,0.0,Stable
Poland,POL,2013,3.77046,0.0,Stable
Poland,POL,2014,4.16348,0.0,Stable
Poland,POL,2017,4.87843,0.0,Stable
Poland,POL,2018,4.57682,0.0,Stable
Poland,POL,2019,3.40893,0.0,Stable
Poland,POL,2020,1.47061,0.0,Stable
Poland,POL,2021,0.02149,0.0,Stable
Poland,POL,2022,0.01877,1.0,Conflict
Poland,POL,2023,0.12354,0.0,Stable
Portugal,PRT,2010,0.02613,0.0,Stable
Portugal,PRT,2011,0.00936,0.0,Stable
Portugal,PRT,2012,0.19284,0.0,Stable
Portugal,PRT,2013,0.12682,0.0,Stable
Portugal,PRT,2014,0.14061,0.0,Stable
Portugal,PRT,2015,1.22552,0.0,Stable
Portugal,PRT,2016,1.78577,0.0,Stable
Portugal,PRT,2017,1.80541,0.0,Stable
Portugal,PRT,2018,1.45346,0.0,Stable
Portugal,PRT,2019,0.72274,0.0,Stable
Portugal,PRT,2020,0.21478,0.0,Stable
Portugal,PRT,2021,0.07241,0.0,Stable
Portugal,PRT,2022,0.33785,0.0,Stable
Puerto Rico,PRI,2010,8.33959,,Stable
Puerto Rico,PRI,2011,10.33351,,Stable
Puerto Rico,PRI,2012,7.72627,,Stable
Puerto Rico,PRI,2013,6.4572,,Stable
Puerto Rico,PRI,2014,5.31611,,Stable
Puerto Rico,PRI,2015,5.50554,,Stable
Puerto Rico,PRI,2016,10.20266,,Stable
Puerto Rico,PRI,2018,9.84758,,Stable
Puerto Rico,PRI,2023,12.99865,,Stable
Qatar,QAT,2010,1.30618,0.0,Stable
Qatar,QAT,2011,3.77678,0.0,Stable
Qatar,QAT,2012,0.43371,0.0,Stable
Qatar,QAT,2013,2.96315,0.0,Stable
Qatar,QAT,2014,6.33038,0.0,Stable
Qatar,QAT,2015,3.98115,0.0,Stable
Qatar,QAT,2016,1.69531,0.0,Stable
Qatar,QAT,2017,0.08823,0.0,Stable
Qatar,QAT,2018,0.6647,0.0,Stable
Qatar,QAT,2019,1.87943,0.0,Stable
Qatar,QAT,2020,2.12278,0.0,Stable
Qatar,QAT,2021,12.39011,0.0,Stable
Qatar,QAT,2022,7.61488,0.0,Stable
Romania,ROU,2010,2.4025,0.0,Stable
Romania,ROU,2011,4.15129,0.0,Stable
Romania,ROU,2012,6.32426,0.0,Stable
Romania,ROU,2015,7.88606,0.0,Stable
Romania,ROU,2016,8.9471,0.0,Stable
Romania,ROU,2017,9.39773,0.0,Stable
Romania,ROU,2018,8.44327,0.0,Stable
Romania,ROU,2019,7.58278,0.0,Stable
Romania,ROU,2020,8.26788,0.0,Stable
Romania,ROU,2021,9.58044,0.0,Stable
Romania,ROU,2022,15.61281,0.0,Stable
Romania,ROU,2023,15.58988,0.0,Stable
Russia,RUS,2011,4.44663,2.0,Conflict
Russia,RUS,2012,2.74528,1.0,Conflict
Russia,RUS,2013,3.14974,2.0,Conflict
Russia,RUS,2014,2.75061,2.0,Conflict
Russia,RUS,2015,2.02374,3.0,Conflict
Russia,RUS,2016,2.06769,2.0,Conflict
Russia,RUS,2017,0.37101,1.0,Conflict
Russia,RUS,2018,0.07916,2.0,Conflict
Russia,RUS,2019,0.19655,1.0,Conflict
Russia,RUS,2020,1.03143,2.0,Conflict
Russia,RUS,2021,2.06004,0.0,Stable
Russia,RUS,2022,2.63494,1.0,Conflict
Russia,RUS,2023,4.93522,2.0,Conflict
Rwanda,RWA,2016,1.23701,1.0,Conflict
Rwanda,RWA,2017,1.15994,0.0,Stable
Rwanda,RWA,2018,1.38027,1.0,Conflict
Rwanda,RWA,2019,1.55755,1.0,Conflict
Rwanda,RWA,2021,0.10178,0.0,Stable
Rwanda,RWA,2023,0.48879,0.0,Stable
Saint Lucia,LCA,2010,5.78224,0.0,Stable
Saint Lucia,LCA,2011,6.82242,0.0,Stable
Saint Lucia,LCA,2012,7.33867,0.0,Stable
Saint Lucia,LCA,2013,6.69263,0.0,Stable
Saint Lucia,LCA,2014,8.0816,0.0,Stable
Saint Lucia,LCA,2015,6.73954,0.0,Stable
Saint Lucia,LCA,2016,8.1053,0.0,Stable
Saint Lucia,LCA,2017,7.72205,0.0,Stable
Saint Lucia,LCA,2018,6.97816,0.0,Stable
Saint Lucia,LCA,2019,6.00286,0.0,Stable
Saint Lucia,LCA,2020,5.79332,0.0,Stable
Saint Lucia,LCA,2021,4.354335,0.0,Stable
Saint Lucia,LCA,2022,2.11635,0.0,Stable
Saint Lucia,LCA,2023,2.06326,0.0,Stable
Saint Vincent and the Grenadines,VCT,2010,0.72166,0.0,Stable
Saint Vincent and the Grenadines,VCT,2011,2.12271,0.0,Stable
Saint Vincent and the Grenadines,VCT,2012,0.90569,0.0,Stable
Saint Vincent and the Grenadines,VCT,2013,0.30600166,0.0,Stable
Saint Vincent and the Grenadines,VCT,2015,1.2546749,0.0,Stable
Saint Vincent and the Grenadines,VCT,2017,0.590387,0.0,Stable
Samoa,WSM,2010,0.37757903,0.0,Stable
Samoa,WSM,2011,1.1938691,0.0,Stable
Samoa,WSM,2012,2.281435,0.0,Stable
Samoa,WSM,2014,0.18652426,0.0,Stable
Samoa,WSM,2015,0.6586109,0.0,Stable
Samoa,WSM,2016,0.12276336,0.0,Stable
Samoa,WSM,2017,0.37492433,0.0,Stable
Samoa,WSM,2018,0.75192684,0.0,Stable
Samoa,WSM,2019,2.294193,0.0,Stable
Samoa,WSM,2020,1.64634,0.0,Stable
Samoa,WSM,2021,0.038451027,0.0,Stable
Samoa,WSM,2022,0.4619613,0.0,Stable
Samoa,WSM,2023,3.617256,0.0,Stable
San Marino,SMR,2010,5.9789,0.0,Stable
San Marino,SMR,2012,6.87611,0.0,Stable
San Marino,SMR,2019,5.55238,0.0,Stable
San Marino,SMR,2020,5.59482,0.0,Stable
San Marino,SMR,2021,6.30631,0.0,Stable
San Marino,SMR,2022,6.3125,0.0,Stable
San Marino,SMR,2023,6.76643,0.0,Stable
Sao Tome and Principe,STP,2010,7.21826,0.0,Stable
Sao Tome and Principe,STP,2011,6.0850143,0.0,Stable
Sao Tome and Principe,STP,2012,7.1433263,0.0,Stable
Sao Tome and Principe,STP,2013,8.58726,0.0,Stable
Sao Tome and Principe,STP,2014,8.61588,0.0,Stable
Sao Tome and Principe,STP,2015,9.16202,0.0,Stable
Sao Tome and Principe,STP,2017,2.87733,0.0,Stable
Sao Tome and Principe,STP,2018,4.078415,0.0,Stable
Sao Tome and Principe,STP,2021,3.210797,0.0,Stable
Saudi Arabia,SAU,2013,6.19313,0.0,Stable
Saudi Arabia,SAU,2014,4.785,0.0,Stable
Saudi Arabia,SAU,2015,2.7041,3.0,Conflict
Saudi Arabia,SAU,2016,2.68339,2.0,Conflict
Saudi Arabia,SAU,2020,2.63567,1.0,Conflict
Saudi Arabia,SAU,2021,2.8174,1.0,Conflict
Senegal,SEN,2010,27.58246,0.0,Stable
Senegal,SEN,2011,26.98638,1.0,Conflict
Senegal,SEN,2012,24.08591,0.0,Stable
Senegal,SEN,2013,24.83501,0.0,Stable
Senegal,SEN,2014,24.21694,0.0,Stable
Senegal,SEN,2015,24.25524,0.0,Stable
Senegal,SEN,2019,24.67435,0.0,Stable
Senegal,SEN,2020,22.92569,0.0,Stable
Senegal,SEN,2021,24.89343,0.0,Stable
Senegal,SEN,2022,24.92682,0.0,Stable
Senegal,SEN,2023,24.05109,0.0,Stable
Serbia,SRB,2010,6.5033,0.0,Stable
Serbia,SRB,2011,3.28163,0.0,Stable
Serbia,SRB,2012,3.32766,0.0,Stable
Serbia,SRB,2013,2.82467,0.0,Stable
Serbia,SRB,2014,0.28853,0.0,Stable
Serbia,SRB,2015,0.13306,0.0,Stable
Serbia,SRB,2016,0.302,0.0,Stable
Serbia,SRB,2017,0.62242,0.0,Stable
Serbia,SRB,2018,1.28152,0.0,Stable
Serbia,SRB,2019,1.8532,0.0,Stable
Serbia,SRB,2020,2.51765,0.0,Stable
Serbia,SRB,2021,3.73238,0.0,Stable
Serbia,SRB,2022,1.7056,0.0,Stable
Seychelles,SYC,2022,1.92702,0.0,Stable
Seychelles,SYC,2023,2.83372,0.0,Stable
Sierra Leone,SLE,2011,50.562637,0.0,Stable
Sierra Leone,SLE,2012,45.693962,0.0,Stable
Sierra Leone,SLE,2015,0.88826,0.0,Stable
Singapore,SGP,2016,0.01039,0.0,Stable
Singapore,SGP,2017,0.03081,0.0,Stable
Singapore,SGP,2018,0.20434,0.0,Stable
Singapore,SGP,2019,0.10108,0.0,Stable
Singapore,SGP,2020,0.11578,0.0,Stable
Singapore,SGP,2021,0.64809,0.0,Stable
Singapore,SGP,2022,0.9306,0.0,Stable
Sint Maarten (Dutch part),SXM,2023,6.78133,,Stable
Slovakia,SVK,2010,4.79289,0.0,Stable
Slovakia,SVK,2011,5.4077,0.0,Stable
Slovakia,SVK,2012,5.72231,0.0,Stable
Slovakia,SVK,2013,5.87189,0.0,Stable
Slovakia,SVK,2014,6.34392,0.0,Stable
Slovakia,SVK,2015,6.25651,0.0,Stable
Slovakia,SVK,2016,6.69733,0.0,Stable
Slovakia,SVK,2017,5.94451,0.0,Stable
Slovakia,SVK,2018,7.00274,0.0,Stable
Slovakia,SVK,2019,6.00139,0.0,Stable
Slovakia,SVK,2020,4.97787,0.0,Stable
Slovakia,SVK,2021,4.33283,0.0,Stable
Slovakia,SVK,2022,2.85927,0.0,Stable
Slovakia,SVK,2023,1.2295,0.0,Stable
Slovenia,SVN,2010,2.06888,0.0,Stable
Slovenia,SVN,2011,2.19343,0.0,Stable
Slovenia,SVN,2012,1.99039,0.0,Stable
Slovenia,SVN,2013,1.99245,0.0,Stable
Slovenia,SVN,2014,1.92056,0.0,Stable
Slovenia,SVN,2015,1.71206,0.0,Stable
Slovenia,SVN,2016,2.20773,0.0,Stable
Slovenia,SVN,2017,2.06336,0.0,Stable
Slovenia,SVN,2018,1.51132,0.0,Stable
Slovenia,SVN,2019,1.28426,0.0,Stable
Slovenia,SVN,2020,0.99934,0.0,Stable
Slovenia,SVN,2021,1.50478,0.0,Stable
Slovenia,SVN,2022,1.20434,0.0,Stable
Slovenia,SVN,2023,1.4474,0.0,Stable
Solomon Islands,SLB,2013,1.74711,0.0,Stable
Solomon Islands,SLB,2014,2.78066,0.0,Stable
Solomon Islands,SLB,2015,2.84057,0.0,Stable
Solomon Islands,SLB,2018,9.80053,0.0,Stable
Solomon Islands,SLB,2019,12.092708,0.0,Stable
Solomon Islands,SLB,2023,32.404152,0.0,Stable
South Africa,ZAF,2015,4.91304,0.0,Stable
South Africa,ZAF,2017,6.276,0.0,Stable
South Africa,ZAF,2018,9.30521,1.0,Conflict
South Africa,ZAF,2019,8.29678,0.0,Stable
South Africa,ZAF,2020,8.14937,0.0,Stable
South Africa,ZAF,2021,3.81256,2.0,Conflict
South Africa,ZAF,2022,5.78849,0.0,Stable
South Korea,KOR,2010,0.05738,0.0,Stable
South Korea,KOR,2011,0.98637,0.0,Stable
South Korea,KOR,2012,1.23127,0.0,Stable
South Korea,KOR,2013,2.36279,0.0,Stable
South Korea,KOR,2014,2.94555,0.0,Stable
South Korea,KOR,2015,0.16319,0.0,Stable
South Korea,KOR,2016,0.72201,0.0,Stable
South Korea,KOR,2017,1.88926,0.0,Stable
South Korea,KOR,2018,1.86304,0.0,Stable
South Korea,KOR,2019,0.90709,0.0,Stable
South Korea,KOR,2020,1.38424,0.0,Stable
South Korea,KOR,2021,1.51374,0.0,Stable
South Korea,KOR,2022,1.10348,0.0,Stable
South Sudan,SSD,2011,55.3256,14.0,Conflict
South Sudan,SSD,2015,63.73747,8.0,Conflict
South Sudan,SSD,2024,64.73468,7.0,Conflict
Spain,ESP,2010,1.79373,0.0,Stable
Spain,ESP,2011,1.96143,0.0,Stable
Spain,ESP,2012,2.28697,0.0,Stable
Spain,ESP,2013,2.51059,0.0,Stable
Spain,ESP,2014,2.61857,0.0,Stable
Spain,ESP,2015,2.70952,0.0,Stable
Spain,ESP,2016,2.55954,0.0,Stable
Spain,ESP,2017,2.33092,1.0,Conflict
Spain,ESP,2018,2.00254,0.0,Stable
Spain,ESP,2019,1.60538,0.0,Stable
Spain,ESP,2020,1.38069,0.0,Stable
Spain,ESP,2021,1.41627,0.0,Stable
Spain,ESP,2022,1.27723,0.0,Stable
Spain,ESP,2023,1.28805,1.0,Conflict
Sri Lanka,LKA,2010,7.10472,0.0,Stable
Sri Lanka,LKA,2011,7.22096,0.0,Stable
Sri Lanka,LKA,2012,7.46274,0.0,Stable
Sri Lanka,LKA,2013,6.78231,0.0,Stable
Sri Lanka,LKA,2014,6.3545,0.0,Stable
Sri Lanka,LKA,2015,3.94149,0.0,Stable
Sri Lanka,LKA,2016,3.79003,0.0,Stable
Sri Lanka,LKA,2017,4.11144,0.0,Stable
Sri Lanka,LKA,2018,4.63569,0.0,Stable
Sri Lanka,LKA,2019,5.4449162,1.0,Conflict
Sri Lanka,LKA,2020,4.9294844,0.0,Stable
Sri Lanka,LKA,2021,1.9673423,0.0,Stable
Sri Lanka,LKA,2022,3.3682013,0.0,Stable
Sri Lanka,LKA,2023,3.9856334,0.0,Stable
Sub-Saharan Africa (SDG),,2010,24.0,,Stable
Sub-Saharan Africa (SDG),,2011,24.0,,Stable
Sub-Saharan Africa (SDG),,2012,23.0,,Stable
Sub-Saharan Africa (SDG),,2013,23.0,,Stable
Sub-Saharan Africa (SDG),,2014,23.0,,Stable
Sub-Saharan Africa (SDG),,2015,22.0,,Stable
Sub-Saharan Africa (SDG),,2016,22.0,,Stable
Sub-Saharan Africa (SDG),,2017,22.0,,Stable
Sub-Saharan Africa (SDG),,2018,22.0,,Stable
Sub-Saharan Africa (SDG),,2019,21.0,,Stable
Sub-Saharan Africa (SDG),,2020,21.0,,Stable
Sub-Saharan Africa (SDG),,2021,20.0,,Stable
Sub-Saharan Africa (SDG),,2022,20.0,,Stable
Sub-Saharan Africa (SDG),,2023,19.0,,Stable
Sudan,SDN,2011,45.0578,2.0,Conflict
Sudan,SDN,2012,48.59767,4.0,Conflict
Sudan,SDN,2013,47.88169,8.0,Conflict
Sudan,SDN,2014,47.74398,7.0,Conflict
Sudan,SDN,2015,47.29448,7.0,Conflict
Sudan,SDN,2016,45.54279,6.0,Conflict
Sudan,SDN,2017,43.48148,9.0,Conflict
Sudan,SDN,2018,38.75254,3.0,Conflict
Sudan,SDN,2019,43.83784,4.0,Conflict
Suriname,SUR,2010,17.83864,0.0,Stable
Suriname,SUR,2011,19.20447,0.0,Stable
Suriname,SUR,2012,18.04728,0.0,Stable
Suriname,SUR,2013,17.78114,0.0,Stable
Suriname,SUR,2014,17.67556,0.0,Stable
Suriname,SUR,2015,15.83759,0.0,Stable
Suriname,SUR,2016,14.82476,0.0,Stable
Suriname,SUR,2017,19.06261,0.0,Stable
Suriname,SUR,2018,19.09722,0.0,Stable
Suriname,SUR,2019,17.55718,0.0,Stable
Suriname,SUR,2020,16.83173,0.0,Stable
Suriname,SUR,2021,21.78334,0.0,Stable
Sweden,SWE,2010,0.80865,0.0,Stable
Sweden,SWE,2012,0.54215,0.0,Stable
Sweden,SWE,2013,0.87754,0.0,Stable
Sweden,SWE,2014,1.28246,0.0,Stable
Sweden,SWE,2015,0.80138,0.0,Stable
Sweden,SWE,2019,0.75776,0.0,Stable
Sweden,SWE,2020,0.68387,0.0,Stable
Sweden,SWE,2021,0.50772,0.0,Stable
Sweden,SWE,2022,0.56691,0.0,Stable
Sweden,SWE,2023,0.42571,0.0,Stable
Switzerland,CHE,2015,0.0327,0.0,Stable
Switzerland,CHE,2016,0.08691,0.0,Stable
Switzerland,CHE,2017,0.12617,0.0,Stable
Switzerland,CHE,2018,0.13079,0.0,Stable
Switzerland,CHE,2019,0.10567,0.0,Stable
Switzerland,CHE,2020,0.13739,0.0,Stable
Switzerland,CHE,2021,0.23521,0.0,Stable
Switzerland,CHE,2022,0.26332,0.0,Stable
Switzerland,CHE,2023,0.04699,0.0,Stable
Syria,SYR,2010,1.21786,0.0,Stable
Syria,SYR,2011,0.94957,3.0,Conflict
Syria,SYR,2012,0.9588,6.0,Conflict
Syria,SYR,2013,35.85995,21.0,Conflict
Syria,SYR,2020,33.44051,11.0,Conflict
Syria,SYR,2021,34.6112,7.0,Conflict
Syria,SYR,2022,31.06999,6.0,Conflict
Syria,SYR,2023,26.33566,8.0,Conflict
Syria,SYR,2024,21.80503,10.0,Conflict
Tajikistan,TJK,2010,2.59743,1.0,Conflict
Tajikistan,TJK,2011,3.07258,1.0,Conflict
Tajikistan,TJK,2012,7.24644,0.0,Stable
Tajikistan,TJK,2013,9.13634,0.0,Stable
Tajikistan,TJK,2014,9.3807,0.0,Stable
Tajikistan,TJK,2015,8.27586,0.0,Stable
Tajikistan,TJK,2016,6.56352,0.0,Stable
Tajikistan,TJK,2017,4.15083,0.0,Stable
Tanzania,TZA,2010,9.80891,0.0,Stable
Tanzania,TZA,2012,13.459133,0.0,Stable
Tanzania,TZA,2013,16.218267,0.0,Stable
Tanzania,TZA,2014,17.49757,0.0,Stable
Tanzania,TZA,2015,19.53563,0.0,Stable
Tanzania,TZA,2016,15.45712,0.0,Stable
Tanzania,TZA,2017,15.07744,1.0,Conflict
Tanzania,TZA,2018,16.934113,0.0,Stable
Tanzania,TZA,2019,14.342152,1.0,Conflict
Tanzania,TZA,2020,13.39491,1.0,Conflict
Tanzania,TZA,2021,12.683449,1.0,Conflict
Tanzania,TZA,2022,12.997641,0.0,Stable
Tanzania,TZA,2023,14.075831,0.0,Stable
Thailand,THA,2017,3.3042803,1.0,Conflict
Thailand,THA,2018,0.282743,2.0,Conflict
Thailand,THA,2019,0.57756114,1.0,Conflict
Thailand,THA,2020,0.42909753,1.0,Conflict
Thailand,THA,2021,0.5463319,1.0,Conflict
Thailand,THA,2022,0.3484113,1.0,Conflict
Thailand,THA,2023,1.598289,1.0,Conflict
Togo,TGO,2014,9.06251,0.0,Stable
Togo,TGO,2015,7.74081,0.0,Stable
Togo,TGO,2016,10.71832,0.0,Stable
Togo,TGO,2017,11.06879,0.0,Stable
Togo,TGO,2018,9.84373,0.0,Stable
Togo,TGO,2019,8.2635,0.0,Stable
Togo,TGO,2020,4.54369,0.0,Stable
Togo,TGO,2021,3.69411,0.0,Stable
Togo,TGO,2022,0.89503,2.0,Conflict
Togo,TGO,2023,0.70712,2.0,Conflict
Tokelau,TKL,2016,17.3913,,Stable
Tokelau,TKL,2019,20.0,,Stable
Tokelau,TKL,2020,23.26531,,Stable
Tokelau,TKL,2021,20.16461,,Stable
Tokelau,TKL,2023,33.33333,,Stable
Tonga,TON,2012,3.2557032,0.0,Stable
Tonga,TON,2013,3.39129,0.0,Stable
Tonga,TON,2015,2.2603855,0.0,Stable
Tonga,TON,2018,0.21438898,0.0,Stable
Tonga,TON,2019,0.02362,0.0,Stable
Tonga,TON,2020,0.3451652,0.0,Stable
Tonga,TON,2021,3.6958911,0.0,Stable
Tonga,TON,2022,2.2804098,0.0,Stable
Tonga,TON,2023,0.51310396,0.0,Stable
Trinidad and Tobago,TTO,2010,5.63147,0.0,Stable
Trinidad and Tobago,TTO,2023,29.30072,0.0,Stable
Tunisia,TUN,2010,3.3182,0.0,Stable
Tunisia,TUN,2011,3.19836,0.0,Stable
Tunisia,TUN,2012,1.07101,0.0,Stable
Tunisia,TUN,2013,0.77353,1.0,Conflict
Tunisia,TUN,2014,0.86804,1.0,Conflict
Tunisia,TUN,2015,0.90672,2.0,Conflict
Tunisia,TUN,2016,1.04529,1.0,Conflict
Tunisia,TUN,2017,1.06554,0.0,Stable
Tunisia,TUN,2018,1.09093,0.0,Stable
Tunisia,TUN,2020,1.76529,0.0,Stable
Tunisia,TUN,2021,1.71381,0.0,Stable
Tunisia,TUN,2022,1.57029,0.0,Stable
Tunisia,TUN,2023,1.09419,0.0,Stable
Turkey,TUR,2013,0.00843,3.0,Conflict
Turkey,TUR,2014,0.27939,0.0,Stable
Turkey,TUR,2015,1.34092,3.0,Conflict
Turkey,TUR,2016,1.81038,4.0,Conflict
Turkey,TUR,2017,0.70601,3.0,Conflict
Turkey,TUR,2018,0.20749,2.0,Conflict
Turkey,TUR,2019,0.20236,2.0,Conflict
Turkey,TUR,2020,0.22587,1.0,Conflict
Turkey,TUR,2021,0.21838,2.0,Conflict
Turkey,TUR,2022,0.2632,2.0,Conflict
Turkmenistan,TKM,2022,2.14024,0.0,Stable
Turkmenistan,TKM,2023,2.65811,0.0,Stable
Turks and Caicos Islands,TCA,2014,12.752665,,Stable
Turks and Caicos Islands,TCA,2015,8.880029,,Stable
Turks and Caicos Islands,TCA,2017,6.3067446,,Stable
Turks and Caicos Islands,TCA,2021,5.0308714,,Stable
Tuvalu,TUV,2014,1.96167,0.0,Stable
Tuvalu,TUV,2015,1.5589707,0.0,Stable
Tuvalu,TUV,2016,2.64511,0.0,Stable
Tuvalu,TUV,2019,8.19912,0.0,Stable
Tuvalu,TUV,2020,4.16544,0.0,Stable
Tuvalu,TUV,2022,1.14613,0.0,Stable
Tuvalu,TUV,2023,0.733,0.0,Stable
Uganda,UGA,2010,8.88083,1.0,Conflict
Uganda,UGA,2011,5.59646,0.0,Stable
Uganda,UGA,2012,5.6318808,0.0,Stable
Uganda,UGA,2013,4.11657,0.0,Stable
Uganda,UGA,2014,5.532975,0.0,Stable
Uganda,UGA,2015,12.86509,0.0,Stable
Uganda,UGA,2016,10.710285,1.0,Conflict
Uganda,UGA,2017,11.0008135,1.0,Conflict
Ukraine,UKR,2010,8.04845,0.0,Stable
Ukraine,UKR,2011,8.6925,0.0,Stable
Ukraine,UKR,2012,9.82786,0.0,Stable
Ukraine,UKR,2013,10.71319,0.0,Stable
Ukraine,UKR,2014,11.3238,5.0,Conflict
Ukraine,UKR,2015,15.96726,1.0,Conflict
Ukraine,UKR,2016,16.26054,1.0,Conflict
Ukraine,UKR,2017,16.46088,1.0,Conflict
Ukraine,UKR,2018,16.8042,1.0,Conflict
Ukraine,UKR,2019,16.38291,1.0,Conflict
Ukraine,UKR,2020,16.34748,1.0,Conflict
Ukraine,UKR,2021,15.87099,1.0,Conflict
United Arab Emirates,ARE,2018,1.34044,0.0,Stable
United Arab Emirates,ARE,2019,0.21039,0.0,Stable
United Arab Emirates,ARE,2020,0.1201,0.0,Stable
United Arab Emirates,ARE,2021,0.29525,0.0,Stable
United Arab Emirates,ARE,2022,1.13588,1.0,Conflict
United Arab Emirates,ARE,2023,0.17606,0.0,Stable
United Kingdom,GBR,2010,0.5583,0.0,Stable
United Kingdom,GBR,2011,1.09949,0.0,Stable
United Kingdom,GBR,2012,1.92113,0.0,Stable
United Kingdom,GBR,2013,1.92802,0.0,Stable
United Kingdom,GBR,2014,1.68001,0.0,Stable
United Kingdom,GBR,2015,1.46327,0.0,Stable
United Kingdom,GBR,2016,1.28571,0.0,Stable
United Kingdom,GBR,2017,0.79801,0.0,Stable
United Kingdom,GBR,2018,0.33702,0.0,Stable
United Kingdom,GBR,2019,0.04964,2.0,Conflict
United Kingdom,GBR,2020,0.02258,0.0,Stable
United Kingdom,GBR,2021,0.0377,0.0,Stable
United Kingdom,GBR,2022,0.08828,0.0,Stable
United States,USA,2013,2.89807,0.0,Stable
United States,USA,2015,1.80586,1.0,Conflict
United States,USA,2016,0.35997,0.0,Stable
United States,USA,2017,0.42438,1.0,Conflict
United States,USA,2018,0.57421,0.0,Stable
United States,USA,2019,0.91657,1.0,Conflict
United States,USA,2020,2.00508,0.0,Stable
United States,USA,2021,4.09512,0.0,Stable
United States,USA,2022,3.98221,1.0,Conflict
Upper-middle-income countries,,2010,4.0,,Stable
Upper-middle-income countries,,2011,3.0,,Stable
Upper-middle-income countries,,2012,3.0,,Stable
Upper-middle-income countries,,2013,3.0,,Stable
Upper-middle-income countries,,2014,4.0,,Stable
Upper-middle-income countries,,2015,4.0,,Stable
Upper-middle-income countries,,2016,4.0,,Stable
Upper-middle-income countries,,2017,4.0,,Stable
Upper-middle-income countries,,2018,4.0,,Stable
Upper-middle-income countries,,2019,4.0,,Stable
Upper-middle-income countries,,2020,4.0,,Stable
Upper-middle-income countries,,2021,5.0,,Stable
Upper-middle-income countries,,2022,5.0,,Stable
Upper-middle-income countries,,2023,5.0,,Stable
Uruguay,URY,2010,1.87409,0.0,Stable
Uruguay,URY,2011,1.15498,0.0,Stable
Uruguay,URY,2012,1.41007,0.0,Stable
Uruguay,URY,2013,0.39236,0.0,Stable
Uruguay,URY,2014,4.60489,0.0,Stable
Uruguay,URY,2015,0.58712,0.0,Stable
Uruguay,URY,2016,0.03433,0.0,Stable
Uruguay,URY,2017,0.25138,0.0,Stable
Uruguay,URY,2018,0.15912,0.0,Stable
Uruguay,URY,2019,0.5245,0.0,Stable
Uruguay,URY,2020,0.36791,0.0,Stable
Uruguay,URY,2021,0.20243,0.0,Stable
Uruguay,URY,2022,0.03603,0.0,Stable
Uruguay,URY,2023,1.1368308,0.0,Stable
Uzbekistan,UZB,2010,3.3228693,0.0,Stable
Uzbekistan,UZB,2011,4.439276,0.0,Stable
Uzbekistan,UZB,2012,4.8667946,0.0,Stable
Uzbekistan,UZB,2013,4.6911273,0.0,Stable
Uzbekistan,UZB,2014,2.7169132,0.0,Stable
Uzbekistan,UZB,2015,2.3421383,0.0,Stable
Uzbekistan,UZB,2016,1.6742244,0.0,Stable
Uzbekistan,UZB,2017,1.843151,0.0,Stable
Uzbekistan,UZB,2018,0.37389636,0.0,Stable
Uzbekistan,UZB,2019,1.5855645,0.0,Stable
Uzbekistan,UZB,2020,1.64797,0.0,Stable
Uzbekistan,UZB,2021,1.8409985,0.0,Stable
Uzbekistan,UZB,2022,4.109813,0.0,Stable
Uzbekistan,UZB,2023,4.8083262,0.0,Stable
Uzbekistan,UZB,2024,0.56568503,0.0,Stable
Vanuatu,VUT,2015,0.18877,0.0,Stable
Vanuatu,VUT,2019,1.17184,0.0,Stable
Vanuatu,VUT,2020,1.11036,0.0,Stable
Vanuatu,VUT,2021,0.14347173,0.0,Stable
Vanuatu,VUT,2022,1.6330472,0.0,Stable
Vanuatu,VUT,2023,2.8808525,0.0,Stable
Venezuela,VEN,2010,5.42917,1.0,Conflict
Venezuela,VEN,2011,5.22438,0.0,Stable
Venezuela,VEN,2012,5.32408,1.0,Conflict
Venezuela,VEN,2013,6.066,0.0,Stable
Venezuela,VEN,2014,6.67014,1.0,Conflict
Venezuela,VEN,2015,7.03155,1.0,Conflict
Venezuela,VEN,2016,9.50855,1.0,Conflict
Venezuela,VEN,2017,11.56392,1.0,Conflict
Venezuela,VEN,2022,0.53867,2.0,Conflict
Venezuela,VEN,2023,0.55371,2.0,Conflict
Vietnam,VNM,2010,0.11145,0.0,Stable
Vietnam,VNM,2011,0.82673,0.0,Stable
Vietnam,VNM,2012,0.0,0.0,Stable
Vietnam,VNM,2013,0.0,0.0,Stable
Vietnam,VNM,2014,0.3300662,0.0,Stable
Vietnam,VNM,2015,0.5549837,0.0,Stable
Vietnam,VNM,2016,0.15398636,0.0,Stable
Vietnam,VNM,2017,0.694404,0.0,Stable
Vietnam,VNM,2018,1.4513478,0.0,Stable
Vietnam,VNM,2019,2.1625018,0.0,Stable
Vietnam,VNM,2020,2.0699081,0.0,Stable
Vietnam,VNM,2021,1.3005362,0.0,Stable
Vietnam,VNM,2022,1.8844486,0.0,Stable
Vietnam,VNM,2023,1.6817881,0.0,Stable
World,OWID_WRL,2010,12.0,86.0,Conflict
World,OWID_WRL,2011,12.0,106.0,Conflict
World,OWID_WRL,2012,12.0,112.0,Conflict
World,OWID_WRL,2013,11.0,128.0,Conflict
World,OWID_WRL,2014,11.0,156.0,Conflict
World,OWID_WRL,2015,11.0,162.0,Conflict
World,OWID_WRL,2016,11.0,158.0,Conflict
World,OWID_WRL,2017,11.0,182.0,Conflict
World,OWID_WRL,2018,10.0,174.0,Conflict
World,OWID_WRL,2019,10.0,164.0,Conflict
World,OWID_WRL,2020,10.0,177.0,Conflict
World,OWID_WRL,2021,10.0,177.0,Conflict
World,OWID_WRL,2022,10.0,191.0,Conflict
World,OWID_WRL,2023,10.0,185.0,Conflict
Yemen,YEM,2010,29.86473,2.0,Conflict
Yemen,YEM,2012,28.0926,2.0,Conflict
Yemen,YEM,2013,27.86048,1.0,Conflict
Yemen,YEM,2016,30.62112,4.0,Conflict
Zambia,ZMB,2010,11.65738,0.0,Stable
Zambia,ZMB,2011,7.67855,0.0,Stable
Zambia,ZMB,2012,6.18504,0.0,Stable
Zambia,ZMB,2013,9.04009,0.0,Stable
Zambia,ZMB,2017,14.82794,0.0,Stable
Zimbabwe,ZWE,2012,8.49271,0.0,Stable
Zimbabwe,ZWE,2013,9.940512,0.0,Stable
Zimbabwe,ZWE,2014,10.383554,0.0,Stable
Zimbabwe,ZWE,2015,18.74996,0.0,Stable
Zimbabwe,ZWE,2016,17.6851,0.0,Stable
Zimbabwe,ZWE,2017,19.44088,0.0,Stable
Zimbabwe,ZWE,2018,18.76456,0.0,Stable
Zimbabwe,ZWE,2019,18.38135,0.0,Stable
Zimbabwe,ZWE,2020,16.91429,0.0,Stable
Zimbabwe,ZWE,2021,9.426102,0.0,Stable
Zimbabwe,ZWE,2022,8.173391,0.0,Stable
Zimbabwe,ZWE,2023,9.137232,0.0,Stable
